,dimenstions
0,drama
1,comedi
2,action
3,romanc
4,adventur
5,crime
6,famili
7,sciencefict
8,horror
9,fantasi
10,mysteri
11,music
12,womandirector
13,independentfilm
14,duringcreditssting
15,anim
16,histori
17,basedonnovel
18,murder
19,war
20,aftercreditssting
21,violenc
22,dystopia
23,sport
24,reveng
25,documentari
26,sex
27,s
28,friendship
29,biographi
30,teenag
31,d
32,love
33,sequel
34,suspens
35,newyork
36,prison
37,western
38,polic
39,alien
40,alcohol
41,avykaufman
42,losangel
43,robertrodriguez
44,highschool
45,stevenspielberg
46,drug
47,assassin
48,nuditi
49,superhero
50,londonengland
51,hanszimm
52,dyinganddeath
53,robertdeniro
54,fathersonrelationship
55,maryvernieu
56,jamesnewtonhoward
57,clinteastwood
58,daughter
59,deborahaquila
60,woodyallen
61,francinemaisl
62,friend
63,suicid
64,worldwarii
65,kidnap
66,wed
67,serialkil
68,johndebney
69,remak
70,magic
71,explos
72,dannyelfman
73,fight
74,timetravel
75,corrupt
76,parti
77,lucbesson
78,escap
79,basedoncomicbook
80,hospit
81,arnonmilchan
82,johnwilliam
83,basedontruestori
84,georgeclooney
85,airplan
86,martialart
87,investig
88,alansilvestri
89,bradpitt
90,brotherbrotherrelationship
91,surviv
92,fbi
93,prostitut
94,femalenud
95,money
96,danc
97,blood
98,futur
99,bestfriend
100,bruceberman
101,secret
102,cia
103,gay
104,loveofoneslif
105,spi
106,lawyer
107,zombi
108,samuelljackson
109,suzannesmith
110,pari
111,undercov
112,johnpapsidera
113,joelsilv
114,flashback
115,mattdamon
116,smalltown
117,timbevan
118,scottrudin
119,basedonyoungadultnovel
120,tomhank
121,vampir
122,newlov
123,witch
124,monster
125,death
126,denisechamian
127,rescu
128,jealousi
129,conspiraci
130,wifehusbandrelationship
131,bobweinstein
132,rape
133,francisfordcoppola
134,ronnakress
135,tomcruis
136,dream
137,debrazan
138,nicolascag
139,brucewilli
140,shootout
141,willferrel
142,stevensoderbergh
143,journalist
144,ericfelln
145,divorc
146,soldier
147,jameshorn
148,jinajay
149,obsess
150,teacher
151,harveyweinstein
152,jerrygoldsmith
153,robberi
154,adamsandl
155,spikele
156,briangraz
157,england
158,robertzemecki
159,dog
160,newyorkc
161,gore
162,hitman
163,detect
164,hotel
165,terror
166,thcenturi
167,kevincostn
168,owenwilson
169,georgeluca
170,adulteri
171,dannydevito
172,hostag
173,train
174,howardshor
175,ghost
176,jeannemccarthi
177,christma
178,marriag
179,morganfreeman
180,drugdeal
181,sistersisterrelationship
182,markisham
183,relationship
184,johnnydepp
185,thomasnewman
186,ridleyscott
187,island
188,colleg
189,holiday
190,benstil
191,competit
192,lisabeach
193,graemerevel
194,joelcoen
195,icecub
196,foreign
197,secretident
198,marvelcom
199,sarahfinn
200,savingtheworld
201,brothersisterrelationship
202,markwahlberg
203,infidel
204,romanticcomedi
205,gangster
206,comingofag
207,terrorist
208,scientist
209,marcobeltrami
210,govern
211,christian
212,usapresid
213,helicopt
214,juliarobert
215,denzelwashington
216,sylvesterstallon
217,slasher
218,willsmith
219,doctor
220,armi
221,lucindasyson
222,melgibson
223,usa
224,johndavi
225,blackmail
226,fbiagent
227,battl
228,jerrybruckheim
229,benaffleck
230,nicolekidman
231,stevebuscemi
232,eddiemurphi
233,chase
234,parentskidsrelationship
235,drewbarrymor
236,sandrabullock
237,amandamackey
238,neighbor
239,kevinsmith
240,ship
241,faith
242,rogerdeakin
243,postapocalypt
244,basedonvideogam
245,martinscorses
246,hero
247,arnoldschwarzenegg
248,robinwilliam
249,piercebrosnan
250,nightmar
251,edharri
252,davidnewman
253,gang
254,kerrybarden
255,psychopath
256,motherdaughterrelationship
257,billyhopkin
258,richardlinklat
259,killer
260,timburton
261,mutant
262,harrisonford
263,camerondiaz
264,janethirshenson
265,rivalri
266,johntravolta
267,alecbaldwin
268,california
269,gun
270,sheriff
271,blackpeopl
272,seanconneri
273,extramaritalaffair
274,foundfootag
275,nancynayor
276,wescraven
277,malifinn
278,robot
279,sethrogen
280,gerardbutl
281,singl
282,anthonyhopkin
283,spacemarin
284,carterburwel
285,oliverston
286,paulwsanderson
287,writer
288,tomrosenberg
289,supernatur
290,sarahkatzman
291,roadtrip
292,space
293,ralphfienn
294,superpow
295,kevinspacey
296,lossoffath
297,ewanmcgregor
298,johncusack
299,jimcarrey
300,liamneeson
301,antoniobandera
302,woodyharrelson
303,fire
304,lie
305,desert
306,bomb
307,vincevaughn
308,tortur
309,crimin
310,juliannemoor
311,malenud
312,author
313,secretag
314,willemdafo
315,johnlasset
316,scarlettjohansson
317,texa
318,alexandredesplat
319,leonardodicaprio
320,johngoodman
321,artificialintellig
322,decept
323,johnmalkovich
324,christopherplumm
325,angelinajoli
326,familyrelationship
327,matthewmcconaughey
328,dustinhoffman
329,children
330,theodoreshapiro
331,carchas
332,mindymarin
333,marriagecrisi
334,merylstreep
335,robertduval
336,garyoldman
337,princess
338,hors
339,robertdowneyjr
340,tommyleejon
341,peterjackson
342,cateblanchett
343,hughjackman
344,michaelbay
345,
346,reesewitherspoon
347,paulrudd
348,robertrichardson
349,forest
350,keanureev
351,mission
352,lover
353,nazi
354,carcrash
355,susansarandon
356,beach
357,forestwhitak
358,marijuana
359,demon
360,tylerperri
361,jamesfranco
362,russellcrow
363,orphan
364,katewinslet
365,chrislebenzon
366,sanfrancisco
367,fatherdaughterrelationship
368,chrisrock
369,judelaw
370,edwardnorton
371,date
372,basebal
373,josephmiddleton
374,chicago
375,quentintarantino
376,jasonstatham
377,polit
378,mafia
379,seanpenn
380,sydneypollack
381,spoof
382,trevorrabin
383,johnbarri
384,garylucchesi
385,imax
386,christianbal
387,annehathaway
388,andrewstanton
389,amnesia
390,naomiwatt
391,jackblack
392,jeffbridg
393,jakegyllenha
394,jackiechan
395,deanseml
396,stevecarel
397,billmurray
398,charlizetheron
399,johncreilli
400,mountain
401,funer
402,kathleenkennedi
403,natalieportman
404,philipseymourhoffman
405,intellig
406,danaykroyd
407,haroldrami
408,report
409,catherinekeen
410,nightclub
411,queenlatifah
412,edwardburn
413,widow
414,darkcomedi
415,spacetravel
416,sigourneyweav
417,dccomic
418,michaelcain
419,christophernolan
420,markruffalo
421,ianflem
422,alieninvas
423,motorcycl
424,johnturturro
425,jungl
426,kevinbacon
427,celebr
428,williamhmaci
429,michaeldougla
430,gunfight
431,christopheryoung
432,edshearmur
433,youngadult
434,jimbroadb
435,neonoir
436,bonnietimmermann
437,priest
438,bank
439,cathysandrich
440,bar
441,markmothersbaugh
442,genehackman
443,lovesick
444,jenniferaniston
445,americanfootbal
446,drugaddict
447,christopherboy
448,kirstendunst
449,samraimi
450,briantyl
451,werewolf
452,amyadam
453,dinosaur
454,heikebrandstatt
455,dwaynejohnson
456,spaceopera
457,benkingsley
458,rogerbirnbaum
459,villag
460,jonahhil
461,astronaut
462,colinfarrel
463,curs
464,dannyglov
465,militari
466,restaur
467,stevemartin
468,jenniferlopez
469,android
470,justinlong
471,kiss
472,casino
473,christopherwalken
474,territaylor
475,suicideattempt
476,alpacino
477,hallucin
478,professor
479,fallinginlov
480,secretlov
481,georgefenton
482,cancer
483,historicalfigur
484,virgin
485,ethanhawk
486,summer
487,charlesroven
488,rogermussenden
489,dragon
490,frankmarshal
491,gwynethpaltrow
492,timrobbin
493,winter
494,aaroneckhart
495,boy
496,dennisquaid
497,colleenatwood
498,johnpowel
499,galeannehurd
500,spaceship
501,heist
502,streetgang
503,goodvsevil
504,jasonbateman
505,laurencefishburn
506,ontherun
507,billybobthornton
508,underdog
509,martinlawr
510,robrein
511,johnhurt
512,babi
513,juliettaylor
514,johnleguizamo
515,lossofmoth
516,youth
517,sheilajaff
518,student
519,teenagegirl
520,michaelmoor
521,joshbrolin
522,queen
523,jamiefoxx
524,ryanreynold
525,joancusack
526,vindiesel
527,kennethbranagh
528,brendangleeson
529,japan
530,bulli
531,psychiatrist
532,elizabethbank
533,kurtrussel
534,klausbadelt
535,cowardli
536,pregnanc
537,nurs
538,pilot
539,jonvoight
540,valkilm
541,betray
542,australia
543,davidkoepp
544,robertelswit
545,adopt
546,victoriathoma
547,paulgiamatti
548,harrycohen
549,lossoffamili
550,dianekeaton
551,joaquinphoenix
552,rosariodawson
553,viggomortensen
554,extremeviol
555,individu
556,richardger
557,briandepalma
558,michaelandrew
559,franc
560,rayliotta
561,lesbian
562,johnbailey
563,dariuszwolski
564,fairytal
565,penlopecruz
566,geoffreyrush
567,markgoldblatt
568,transform
569,comput
570,jameswan
571,matthewvaughn
572,channingtatum
573,supernaturalpow
574,terrencehoward
575,basedontvseri
576,kevinklin
577,brendanfras
578,emilyblunt
579,evil
580,josephgordonlevitt
581,robertredford
582,waltermurch
583,donburgess
584,travel
585,tessaross
586,snow
587,cubagoodingjr
588,court
589,shark
590,subway
591,michellepfeiff
592,kristenwiig
593,retir
594,stevezahn
595,donaldsutherland
596,coldwar
597,nealhmoritz
598,jacknicholson
599,clone
600,florida
601,tonyscott
602,racism
603,satir
604,gregkinnear
605,immigr
606,zooeydeschanel
607,politician
608,rachelmcadam
609,georgearomero
610,dysfunctionalfamili
611,paranoia
612,annemccarthi
613,marisatomei
614,becominganadult
615,tomwilkinson
616,chrisbend
617,surreal
618,depress
619,malefriendship
620,ocean
621,traitor
622,afterlif
623,keiraknightley
624,britishsecretservic
625,tobeymaguir
626,chrisevan
627,jamesmarsden
628,judidench
629,billnighi
630,partner
631,ellenchenoweth
632,filmmak
633,alfredmolina
634,halleberri
635,markhelfrich
636,rachelweisz
637,carrac
638,michaelfassbend
639,bear
640,seanbean
641,salmahayek
642,mariabello
643,antihero
644,billpaxton
645,sammerc
646,washingtondc
647,lossoflov
648,rosebyrn
649,homosexu
650,forbiddenlov
651,michaelmann
652,vingrham
653,renezellweg
654,matthewbroderick
655,thief
656,jenniferconnelli
657,nicknolt
658,alejandrogonzlezirritu
659,femaleprotagonist
660,maryhidalgo
661,halloween
662,resist
663,andygarca
664,guyritchi
665,mikefenton
666,jodiefost
667,showdown
668,motel
669,michaeltronick
670,hacker
671,fistfight
672,jeffdaniel
673,brother
674,michaelkahn
675,church
676,journal
677,davidmamet
678,millajovovich
679,insan
680,sniper
681,stripclub
682,school
683,singer
684,mother
685,barrylevinson
686,hollywood
687,swimmingpool
688,winonaryd
689,hoodlum
690,bobbyfarrelli
691,colinfirth
692,stanleykubrick
693,success
694,hughgrant
695,eugenelevi
696,policebrut
697,lgbt
698,malefemalerelationship
699,lukewilson
700,sister
701,exoticisland
702,stellanskarsgrd
703,tedelliott
704,crimefight
705,vigilant
706,deathofafriend
707,katebosworth
708,helenabonhamcart
709,markjohnson
710,emmathompson
711,experi
712,vincentdonofrio
713,guypearc
714,famkejanssen
715,egypt
716,car
717,paulwalk
718,moon
719,kingdom
720,oliverplatt
721,sachabaroncohen
722,steveoedekerk
723,immort
724,williamhoy
725,priscillajohn
726,inventor
727,bradleycoop
728,caseyaffleck
729,princ
730,spirit
731,letter
732,johnnyknoxvil
733,carlagugino
734,patrickwilson
735,richardlanderson
736,garybarb
737,paulbettani
738,fangvamp
739,wilder
740,danger
741,weapon
742,johnhubbard
743,jessicaalba
744,evamend
745,michaeldeluca
746,lovetriangl
747,phedonpapamichael
748,catherinezetajon
749,jackgreen
750,isol
751,taxi
752,matthewfleonetti
753,hauntedhous
754,annafari
755,photograph
756,howardfeu
757,submarin
758,bobhoskin
759,stephenk
760,michaelchapman
761,mexico
762,roadmovi
763,policeoffic
764,katehudson
765,angelabassett
766,enniomorricon
767,childabus
768,morrischestnut
769,anthonyanderson
770,tonicollett
771,ryangosl
772,waitress
773,courtcas
774,albertrbroccoli
775,hiphop
776,zoesaldana
777,shipwreck
778,annapinnock
779,gailsteven
780,jesseeisenberg
781,davidsgoy
782,ianmckellen
783,paulrubel
784,doncheadl
785,helenmirren
786,jenniferlawr
787,simonpegg
788,treasurehunt
789,mychaeldanna
790,amandapeet
791,villain
792,billhad
793,mickeyrourk
794,kristenstewart
795,joshhartnett
796,nasa
797,harrygregsonwilliam
798,samrockwel
799,sethgreen
800,femalefriendship
801,royalti
802,robinwright
803,elijahwood
804,stevegolin
805,lasvega
806,marriagepropos
807,freedom
808,jameslbrook
809,airport
810,lauralinney
811,southernusa
812,drugtraff
813,demimoor
814,birthday
815,spikejonz
816,gabrielbyrn
817,tomtykw
818,seannwilliamscott
819,samneil
820,jasonle
821,coreenmayr
822,bridg
823,mobster
824,caryelw
825,jimclay
826,wheelchair
827,terrygilliam
828,memori
829,kevinhart
830,bite
831,davidmors
832,steveboeddek
833,child
834,lawrencebend
835,midlifecrisi
836,seduct
837,joelcox
838,mattdillon
839,curtishanson
840,markirwin
841,wife
842,dermotmulroney
843,dennishopp
844,diner
845,johncarpent
846,jeanclaudevandamm
847,leighwhannel
848,alexkendrick
849,cultureclash
850,pirat
851,danielcraig
852,josephmcaracciolojr
853,vision
854,chrishemsworth
855,emmaston
856,williamhurt
857,adrienbrodi
858,patrickstewart
859,williamgoldenberg
860,michaelkeaton
861,propheci
862,apocalyps
863,jamesmcavoy
864,markamangini
865,chadoman
866,raywinston
867,fear
868,organizedcrim
869,kiefersutherland
870,father
871,lawrencegordon
872,marlonwayan
873,talkinganim
874,billpullman
875,joshhutcherson
876,janejenkin
877,katebeckinsal
878,river
879,katieholm
880,jadapinkettsmith
881,cedrictheentertain
882,boxer
883,lievschreib
884,zachstaenberg
885,beniciodeltoro
886,mask
887,richardjenkin
888,amandaseyfri
889,briancox
890,stevestarkey
891,swordplay
892,gener
893,mercenari
894,bibl
895,brucegreenwood
896,mothersonrelationship
897,massmurd
898,surveil
899,georgemil
900,juliastil
901,fish
902,susiefiggi
903,gold
904,philipperousselot
905,agent
906,christinaricci
907,jasonsegel
908,trap
909,abigailbreslin
910,itali
911,kriskristofferson
912,johnmdwyer
913,remiadefarasin
914,bountyhunt
915,religion
916,sexual
917,millionair
918,robertmarkkamen
919,singlemoth
920,adamscott
921,plan
922,loneli
923,deancundey
924,loveatfirstsight
925,christinaappleg
926,denisedinovi
927,ellenlewi
928,alanarkin
929,paulnewman
930,nancyfoy
931,research
932,artlinson
933,cliveowen
934,mistakenident
935,christianslat
936,javieraguirresarob
937,megryan
938,gambl
939,johnsingleton
940,cocain
941,chazzpalminteri
942,cheat
943,basedonplay
944,possess
945,paulschrad
946,teenmovi
947,cultfilm
948,musician
949,alfredhitchcock
950,johnlogan
951,coverup
952,thomashadenchurch
953,marvelcinematicunivers
954,fantasyworld
955,sea
956,sword
957,swordandsorceri
958,disast
959,civilwar
960,anthonymacki
961,billabbott
962,game
963,chao
964,stanleytucci
965,michellewilliam
966,nancyhaigh
967,oliviawild
968,emilymortim
969,petersarsgaard
970,toycomestolif
971,timallen
972,conradbuffiv
973,sanjamilkovichay
974,karlurban
975,ericmcleod
976,guillermonavarro
977,riddl
978,treasur
979,archaeologist
980,scotland
981,africa
982,rupertgregsonwilliam
983,maggiegyllenha
984,delroylindo
985,matthewlibatiqu
986,water
987,presid
988,mikemy
989,juliomacat
990,outerspac
991,singlepar
992,raceagainsttim
993,redempt
994,castl
995,joshluca
996,suzannetodd
997,ambush
998,maryselway
999,cook
1000,hankazaria
1001,virtualr
1002,kidsandfamili
1003,jonfavreau
1004,underworld
1005,berlin
1006,willpatton
1007,jessicabiel
1008,samshepard
1009,mutat
1010,psycholog
1011,fugit
1012,nativeamerican
1013,basedontrueev
1014,footchas
1015,scottglenn
1016,davidlazan
1017,davidthewli
1018,stevenrosenblum
1019,christmasparti
1020,lesliemann
1021,johnmctiernan
1022,umathurman
1023,joelschumach
1024,scottmartingershin
1025,januszkamiski
1026,senat
1027,olympicgam
1028,kerrywashington
1029,dystopicfutur
1030,bubasman
1031,transport
1032,cat
1033,cop
1034,barbrastreisand
1035,paulweitz
1036,narrat
1037,jonbrion
1038,jamescaan
1039,judg
1040,wyckgodfrey
1041,rodrigoprieto
1042,basketbal
1043,benjaminbratt
1044,mockumentari
1045,glennclos
1046,corps
1047,brutal
1048,martinsheen
1049,verafarmiga
1050,reginak
1051,ashtonkutch
1052,sarahmichellegellar
1053,matthewlillard
1054,michaelrapaport
1055,paint
1056,harveykeitel
1057,annetteben
1058,missionofmurd
1059,tvshow
1060,hotelroom
1061,upperclass
1062,andrewdunn
1063,lake
1064,jew
1065,johnmurphi
1066,margerysimkin
1067,thomasjan
1068,williamgoldman
1069,stevemirkovich
1070,basilpoledouri
1071,concert
1072,cliffmartinez
1073,dariuskhondji
1074,kimbasing
1075,richardlagravenes
1076,capit
1077,whoopigoldberg
1078,unsoci
1079,nialong
1080,onenightstand
1081,janefeinberg
1082,radio
1083,jamesschamu
1084,johnrleonetti
1085,tomhardi
1086,colinwilson
1087,dualident
1088,hostil
1089,mandymoor
1090,ronperlman
1091,michaelshannon
1092,dianelan
1093,markstrong
1094,samelliott
1095,kathyb
1096,jamescameron
1097,soccer
1098,animalhorror
1099,billycryst
1100,shialabeouf
1101,dionbeeb
1102,cyborg
1103,spacecraft
1104,chrispin
1105,bodyguard
1106,rebel
1107,agediffer
1108,chlogracemoretz
1109,jetli
1110,secretmiss
1111,technolog
1112,ellenmirojnick
1113,wolf
1114,monkey
1115,jeffgoldblum
1116,rolandemmerich
1117,jessicachastain
1118,diari
1119,tildaswinton
1120,revolut
1121,jonkilik
1122,book
1123,jksimmon
1124,kevinphipp
1125,museum
1126,kungfu
1127,cyberpunk
1128,carrieannemoss
1129,god
1130,arrest
1131,whitehous
1132,secretservic
1133,jeanreno
1134,beauti
1135,fraud
1136,ericbana
1137,china
1138,taleoni
1139,warcrim
1140,karenrosenfelt
1141,timroth
1142,cannib
1143,power
1144,espionag
1145,paddyconsidin
1146,televis
1147,mexicanstandoff
1148,zachgalifianaki
1149,loganlerman
1150,dark
1151,petersuschitzki
1152,policeoper
1153,doublelif
1154,jeffreylkimbal
1155,priscillaneddfriendli
1156,emilehirsch
1157,jamesmangold
1158,davidrubin
1159,secretintelligenceservic
1160,farm
1161,jamescromwel
1162,jeremyiron
1163,scienc
1164,giovanniribisi
1165,slaveri
1166,michaelclarkeduncan
1167,shotgun
1168,kevinpollak
1169,psychologist
1170,zhangyim
1171,jameswood
1172,russia
1173,boston
1174,kevinjam
1175,extraterrestrialtechnolog
1176,poison
1177,crush
1178,ident
1179,eliaskotea
1180,annakendrick
1181,hilaryswank
1182,freddieprinzejr
1183,newspap
1184,jenniferjasonleigh
1185,radhamitchel
1186,emilywatson
1187,basedonstagemus
1188,xenophobia
1189,bobyari
1190,anthonybregman
1191,dylantichenor
1192,jennifergarn
1193,alaska
1194,career
1195,williamaelliott
1196,tonypiercerobert
1197,clintmansel
1198,stephenrea
1199,secretorgan
1200,georgesclinton
1201,marysteenburgen
1202,henrybumstead
1203,debrahil
1204,erotic
1205,charliesheen
1206,williamsteinkamp
1207,gunsling
1208,india
1209,christophergreenburi
1210,puppet
1211,rightandjustic
1212,melissaleo
1213,darylhannah
1214,dirtycop
1215,coma
1216,jasonbigg
1217,stripper
1218,davidkoechn
1219,mirandarichardson
1220,roommat
1221,pistol
1222,commun
1223,davidcronenberg
1224,rockstar
1225,brucecampbel
1226,gusvans
1227,zacefron
1228,ashleyjudd
1229,ivanreitman
1230,nanni
1231,vacat
1232,comingout
1233,camp
1234,caraccid
1235,stephenchow
1236,ninagold
1237,davidgordongreen
1238,bloodsplatt
1239,chainsaw
1240,davidlynch
1241,mikejudg
1242,stephenerivkin
1243,drugabus
1244,orlandobloom
1245,terryrossio
1246,sammend
1247,samanthamorton
1248,forgiv
1249,wretch
1250,michaelgambon
1251,paulhaggi
1252,davidarnold
1253,survivor
1254,outlaw
1255,uncl
1256,seamusmcgarvey
1257,knight
1258,maxvonsydow
1259,epic
1260,tomjohnson
1261,animalattack
1262,leeunkrich
1263,milakuni
1264,toy
1265,antonyelchin
1266,michaelkaplan
1267,joeledgerton
1268,barriemosborn
1269,mikestenson
1270,idriselba
1271,francesmcdormand
1272,jeffreywright
1273,braveri
1274,thandienewton
1275,larryjfranco
1276,billcorso
1277,lorakennedi
1278,selfsacrific
1279,donaldmcalpin
1280,andrewadamson
1281,heathledg
1282,armsdeal
1283,key
1284,michaelballhau
1285,seandaniel
1286,violadavi
1287,jaredleto
1288,marriedcoupl
1289,attack
1290,tiger
1291,woman
1292,videogam
1293,fli
1294,sunglass
1295,sad
1296,paulapatton
1297,benfost
1298,hawaii
1299,jonathanrhysmey
1300,rogerpratt
1301,viru
1302,richarddzanuck
1303,chriscolumbu
1304,shawnlevi
1305,dannyhuston
1306,jeremyrenn
1307,billycrudup
1308,illegalimmigr
1309,emperor
1310,leonardnimoy
1311,joepesci
1312,renerusso
1313,peterlamont
1314,michaelpea
1315,luisguzmn
1316,prosecut
1317,falseident
1318,lucyliu
1319,jackieburch
1320,newjersey
1321,haydenpanettier
1322,rain
1323,davidcross
1324,berndeiching
1325,vincentcassel
1326,robertpatrick
1327,lossofbroth
1328,cathykonrad
1329,haydenchristensen
1330,worldwari
1331,thierryarbogast
1332,usarmi
1333,tomrolf
1334,willarnett
1335,garylevinsohn
1336,ladykil
1337,lenaheadey
1338,frankmil
1339,excop
1340,cellphon
1341,jamieleecurti
1342,brianhelgeland
1343,janerosenth
1344,ensemblecast
1345,dolphlundgren
1346,jamesgandolfini
1347,catherineohara
1348,disfigur
1349,littleboy
1350,planet
1351,alienlifeform
1352,prisonersofwar
1353,sarahjessicapark
1354,aaronzigman
1355,hollyhunt
1356,haunt
1357,jamesremar
1358,stevenzaillian
1359,elisabethshu
1360,garysinis
1361,chriscoop
1362,brittanymurphi
1363,jeremybolt
1364,graduat
1365,jeffgourson
1366,williamshatn
1367,rageandh
1368,justintimberlak
1369,atomicbomb
1370,lynnstalmast
1371,stevetisch
1372,delus
1373,dinodelaurentii
1374,exorc
1375,michaelshamberg
1376,homeinvas
1377,rapmus
1378,jenamalon
1379,martinlandau
1380,minniedriv
1381,rickmontgomeri
1382,jimcaviezel
1383,wesleysnip
1384,interview
1385,illegalprostitut
1386,hous
1387,romanpolanski
1388,bankrobberi
1389,jeanpierrejeunet
1390,christopherlloyd
1391,terenceblanchard
1392,johnmorri
1393,davidcrobinson
1394,bride
1395,warondrug
1396,heroin
1397,sofiacoppola
1398,ryanphillipp
1399,parodi
1400,liar
1401,dannyboyl
1402,wesanderson
1403,davidmthompson
1404,addict
1405,seriesofmurd
1406,sexualabus
1407,photographi
1408,davidzuck
1409,fredroo
1410,voyeur
1411,michaelsheen
1412,elliotdavi
1413,groupoffriend
1414,hayaomiyazaki
1415,theft
1416,hopedavi
1417,canada
1418,shakespear
1419,charliekaufman
1420,incest
1421,ill
1422,indianlead
1423,bisexu
1424,tvmovi
1425,markduplass
1426,frankcapra
1427,lloydkaufman
1428,michellerodriguez
1429,goreverbinski
1430,teenagecrush
1431,emmawatson
1432,kill
1433,lion
1434,elv
1435,johnschwartzman
1436,middleag
1437,filmproduc
1438,ronaldrreiss
1439,javierbardem
1440,diannecrittenden
1441,johntol
1442,univers
1443,meganfox
1444,tyresegibson
1445,zachbraff
1446,duel
1447,anthropomorph
1448,laurenshulerdonn
1449,sabotag
1450,machinegun
1451,wish
1452,strand
1453,chiwetelejiofor
1454,djimonhouns
1455,sadism
1456,middleeast
1457,lindadescenna
1458,justintheroux
1459,coloni
1460,julieandrew
1461,combat
1462,clairedan
1463,ericroth
1464,johnseal
1465,occult
1466,mickaudsley
1467,ianholm
1468,philosophi
1469,dondavi
1470,kristenbel
1471,christophebeck
1472,wendypartridg
1473,vatican
1474,catholic
1475,ruralset
1476,breckinmey
1477,noahbaumbach
1478,newident
1479,unemploy
1480,lossofhusband
1481,missil
1482,british
1483,dakotafan
1484,interrog
1485,druglord
1486,alfrewoodard
1487,mayor
1488,skeleton
1489,secretsocieti
1490,policechas
1491,sharonston
1492,cave
1493,iraq
1494,stacykeach
1495,richardfrancisbruc
1496,angle
1497,religionandsupernatur
1498,wesbentley
1499,berniemac
1500,detroit
1501,scream
1502,van
1503,katemara
1504,securityguard
1505,job
1506,knife
1507,handtohandcombat
1508,rajagosnel
1509,alanmenken
1510,timothyolyph
1511,kellypreston
1512,michaelpayn
1513,andiemacdowel
1514,buddycomedi
1515,ruthlambert
1516,dianekrug
1517,undercoverag
1518,geraldbgreenberg
1519,davidvald
1520,cillianmurphi
1521,anthonydodmantl
1522,bettemidl
1523,chrisweitz
1524,albertbrook
1525,johnlithgow
1526,marciliroff
1527,matthewbarri
1528,undercovercop
1529,disappear
1530,theovandesand
1531,repay
1532,wynnthoma
1533,helenhunt
1534,jonhutman
1535,johnkrasinski
1536,josephfienn
1537,brothel
1538,carjourney
1539,lifeanddeath
1540,marciagayharden
1541,stevenreuth
1542,justic
1543,michaelrook
1544,selmablair
1545,tomstern
1546,beatrixarunapasztor
1547,lorenzodibonaventura
1548,sissyspacek
1549,joanallen
1550,courteneycox
1551,beautifulwoman
1552,brucedern
1553,murderhunt
1554,rachelportman
1555,patriciaarquett
1556,barrypepp
1557,vanessahudgen
1558,jeremynortham
1559,piperperabo
1560,demonicpossess
1561,vittoriostoraro
1562,emmarobert
1563,russian
1564,ciarnhind
1565,katherineheigl
1566,deathpenalti
1567,thailand
1568,johnheard
1569,juddapatow
1570,rennyharlin
1571,liber
1572,bonniehunt
1573,tonyshalhoub
1574,maggiesmith
1575,vietnamveteran
1576,chrisklein
1577,paulhasling
1578,charlotterampl
1579,billpankow
1580,patrickdoyl
1581,women
1582,slacker
1583,hitchhik
1584,juliettelewi
1585,lennieniehau
1586,presidentialelect
1587,daxshepard
1588,lisakudrow
1589,kristinscottthoma
1590,charlessdutton
1591,johnottman
1592,bollywood
1593,doncarmodi
1594,venic
1595,corpor
1596,popstar
1597,evanrachelwood
1598,therapist
1599,ellenkura
1600,pregnancyandbirth
1601,pornographi
1602,homelessperson
1603,drink
1604,michaelangarano
1605,actor
1606,jillbilcock
1607,charlesminski
1608,patriciaclarkson
1609,ericalanedward
1610,lovelett
1611,nun
1612,lindsaylohan
1613,deirdrebowen
1614,davidarquett
1615,anjelicahuston
1616,rockandrol
1617,amysmart
1618,loverfemal
1619,pauldano
1620,mikeepp
1621,kimcoleman
1622,supermarket
1623,robertgreenhut
1624,nevecampbel
1625,timsuhrstedt
1626,wealth
1627,sexaddict
1628,rachaelleighcook
1629,teencomedi
1630,paulthomasanderson
1631,artist
1632,ellenburstyn
1633,anarchiccomedi
1634,bachelor
1635,lawrencekasdan
1636,stalker
1637,johnlandi
1638,paulhogan
1639,tobehoop
1640,donaldfaison
1641,mauricejarr
1642,tayedigg
1643,loser
1644,christopherguest
1645,harrymanfredini
1646,highschoolstud
1647,billywild
1648,futurist
1649,chowyunfat
1650,flood
1651,steampunk
1652,spider
1653,stuartcraig
1654,parkerposey
1655,fictionalplac
1656,sail
1657,ianmcshan
1658,walterfpark
1659,denisleari
1660,pietroscalia
1661,dna
1662,amusementpark
1663,chrispratt
1664,rebeccahal
1665,killerrobot
1666,gasstat
1667,journey
1668,billyconnolli
1669,thomasesand
1670,billyweb
1671,endoftheworld
1672,haraldklos
1673,stuartbeatti
1674,oscarisaac
1675,hughlauri
1676,filmdirector
1677,barrysonnenfeld
1678,billpop
1679,andyserki
1680,dougjackson
1681,destini
1682,santaclau
1683,manvsmachin
1684,peterho
1685,newyearsev
1686,alanrickman
1687,king
1688,destroy
1689,ancientworld
1690,blackmag
1691,annasophiarobb
1692,confid
1693,ninja
1694,escapad
1695,penguin
1696,hugoweav
1697,rickheinrich
1698,allisonjanney
1699,swordfight
1700,rosamundpik
1701,livtyl
1702,dougjmeerdink
1703,flyingsauc
1704,desper
1705,julieweiss
1706,selfdiscoveri
1707,slaughter
1708,spacemiss
1709,thanksgiv
1710,lloydlevin
1711,perioddrama
1712,davidstrathairn
1713,danielhubbard
1714,miami
1715,cuba
1716,peterstormar
1717,dodydorn
1718,richardharri
1719,telepathi
1720,ronhoward
1721,davidgil
1722,michaeljfox
1723,douglaswick
1724,compani
1725,milestel
1726,robertkulz
1727,lossofson
1728,passion
1729,jasonisaac
1730,adambrodi
1731,vandal
1732,basedongraphicnovel
1733,neilpatrickharri
1734,boat
1735,cindycarr
1736,cliffcurti
1737,stevecoogan
1738,stepfath
1739,law
1740,orphanag
1741,warrenbeatti
1742,connienielsen
1743,drugsmuggl
1744,wit
1745,davidspad
1746,jasonsudeiki
1747,devil
1748,rufussewel
1749,kalpenn
1750,randyquaid
1751,lettyaronson
1752,son
1753,danieldaylewi
1754,jayrabinowitz
1755,suspicion
1756,offic
1757,zhangziyi
1758,moviestar
1759,michellemonaghan
1760,benwaisbren
1761,barrybernardi
1762,annehech
1763,truck
1764,dracula
1765,timothyspal
1766,alanalda
1767,multiplestorylin
1768,joehutsh
1769,claytontownsend
1770,claireforlani
1771,jessicalang
1772,psychic
1773,antholog
1774,leslienielsen
1775,lossofchild
1776,plannedmurd
1777,ericrobert
1778,blind
1779,burtreynold
1780,melbrook
1781,adamshankman
1782,hijack
1783,georgefolseyjr
1784,ufo
1785,poweroutag
1786,taxidriv
1787,sheldonkahn
1788,heathergraham
1789,heidilevitt
1790,michaelkamen
1791,literatur
1792,dylanbak
1793,danhedaya
1794,ericserra
1795,schizophrenia
1796,missingperson
1797,colehaus
1798,petepostlethwait
1799,richardattenborough
1800,robschneid
1801,robertleighton
1802,elmoreleonard
1803,relationshipproblem
1804,williamnicholson
1805,ronshelton
1806,parallelworld
1807,cemeteri
1808,scubadiv
1809,juelbestrop
1810,legend
1811,peterboyl
1812,garrymarshal
1813,anthonybrichmond
1814,vietnamwar
1815,nuclearmissil
1816,michaelbiehn
1817,muslim
1818,michaeleali
1819,trial
1820,billjohnson
1821,marcsfisch
1822,jimbelushi
1823,brucemcgil
1824,davidduchovni
1825,ancientrom
1826,davidjbomba
1827,evestewart
1828,highway
1829,lawrencesh
1830,conman
1831,justinebaddeley
1832,scandal
1833,trainer
1834,celestiafox
1835,meagangood
1836,dominicwest
1837,fredward
1838,diannewiest
1839,terminalil
1840,stopmot
1841,stevenseag
1842,rifl
1843,southafrica
1844,camgigandet
1845,robertforst
1846,angel
1847,courtroom
1848,song
1849,davechappel
1850,maid
1851,motherrol
1852,michaelmadsen
1853,donaldethorin
1854,jeremypiven
1855,manipul
1856,japanes
1857,johnwoo
1858,virginiamadsen
1859,johncmcginley
1860,nickwechsl
1861,brianberdan
1862,heavymet
1863,hypnosi
1864,puberti
1865,brucegreen
1866,stephendorff
1867,sadist
1868,fame
1869,andreasgrosch
1870,camcord
1871,highschoolsport
1872,aidanquinn
1873,time
1874,aid
1875,africanamerican
1876,malcolmdle
1877,tedfield
1878,markburg
1879,orenkoul
1880,decapit
1881,robertjon
1882,judygr
1883,germani
1884,cheerlead
1885,prom
1886,vincenzonatali
1887,stephenfrear
1888,andrewmarcu
1889,robertenglund
1890,ireland
1891,jasonmew
1892,sidneylumet
1893,stewartcopeland
1894,toddfield
1895,unsimulatedsex
1896,morganspurlock
1897,mumblecor
1898,chlosevigni
1899,lesbianrelationship
1900,mumblegor
1901,samworthington
1902,christophwaltz
1903,superhumanstrength
1904,tophergrac
1905,danielradcliff
1906,rupertgrint
1907,captain
1908,superhuman
1909,orc
1910,rhysifan
1911,campbellscott
1912,wizard
1913,usnavi
1914,hongkong
1915,jeffdawn
1916,brycedallashoward
1917,sociopath
1918,jayhart
1919,shaneblack
1920,ralphwint
1921,edverreaux
1922,storm
1923,aprilwebst
1924,nicholashoult
1925,joannajohnston
1926,careymulligan
1927,whip
1928,michaelpark
1929,memmetwalsh
1930,kid
1931,snake
1932,ellefan
1933,annabsheppard
1934,wood
1935,tobykebbel
1936,johnmathieson
1937,jaybaruchel
1938,ellenpag
1939,cataclysm
1940,richarddreyfuss
1941,jennifertodd
1942,patriot
1943,gayrelationship
1944,iainsmith
1945,childhero
1946,mous
1947,himalaya
1948,volcano
1949,computerviru
1950,newmexico
1951,malcolmmcdowel
1952,mytholog
1953,fishoutofwat
1954,jackieearlehaley
1955,honeymoon
1956,growingup
1957,riptorn
1958,humili
1959,insurg
1960,arthurcoburn
1961,anger
1962,mirror
1963,maceneufeld
1964,elliotgoldenth
1965,nazigermani
1966,robertcarlyl
1967,deniserichard
1968,pet
1969,factori
1970,posttraumaticstressdisord
1971,illegaldrug
1972,actionhero
1973,gabrielleunion
1974,stuartbaird
1975,jamiebel
1976,ronaldharwood
1977,ossiedavi
1978,marlenestewart
1979,undead
1980,arthurschmidt
1981,monk
1982,bird
1983,carlossaldanha
1984,falselyaccus
1985,jeffreytambor
1986,evacu
1987,skyscrap
1988,satellit
1989,mephisto
1990,diegoluna
1991,lasergun
1992,stoneag
1993,clorisleachman
1994,johnclees
1995,grarddepardieu
1996,noahemmerich
1997,telekinesi
1998,tvstation
1999,florianballhau
2000,akivagoldsman
2001,nicolasdetoth
2002,michelgondri
2003,patricktatopoulo
2004,jandebont
2005,nathanlan
2006,voodoo
2007,genet
2008,marioncotillard
2009,ambit
2010,vomit
2011,jayroach
2012,airplanecrash
2013,pastor
2014,satan
2015,smuggl
2016,wallstreet
2017,johannaray
2018,daneadavi
2019,dannymcbrid
2020,greggardin
2021,randyedelman
2022,whale
2023,pig
2024,tomsizemor
2025,kimcattral
2026,griev
2027,underwat
2028,moscow
2029,maryelizabethwinstead
2030,craigtnelson
2031,franklangella
2032,peterlevi
2033,food
2034,punk
2035,goranvisnj
2036,terencestamp
2037,stevekoren
2038,haleyjoelos
2039,star
2040,johnmiliu
2041,benjamnfernndez
2042,familysdailylif
2043,horserac
2044,sing
2045,debramess
2046,jeanjacquesannaud
2047,marcabraham
2048,auto
2049,michaelcera
2050,edgarwright
2051,meteor
2052,adolesc
2053,vanessaredgrav
2054,stephenmirrion
2055,shepherdfrankel
2056,conradlhal
2057,convict
2058,twinbroth
2059,christophermcdonald
2060,trauma
2061,stephenhopkin
2062,raylovejoy
2063,american
2064,andysamberg
2065,soul
2066,pregnant
2067,richardmark
2068,oliviawilliam
2069,davidoyelowo
2070,lossofpar
2071,johnwat
2072,jamesgrobinson
2073,ruperteverett
2074,chimcbrid
2075,mikenichol
2076,manag
2077,oscaraward
2078,musicband
2079,trust
2080,giancarloesposito
2081,asylum
2082,comedian
2083,randallwallac
2084,quarantin
2085,run
2086,stephenwarbeck
2087,ritawilson
2088,dannytrejo
2089,eliroth
2090,christopherdoyl
2091,douglasaibel
2092,predat
2093,petereberg
2094,jamesspad
2095,execut
2096,jonharri
2097,gabrielmacht
2098,johngilbert
2099,vinniejon
2100,marlonbrando
2101,ballet
2102,jefffreeman
2103,cult
2104,dariomarianelli
2105,brucedavey
2106,suppressedpast
2107,janemuski
2108,sexualobsess
2109,rza
2110,georgewbush
2111,debt
2112,twin
2113,johnhawk
2114,geniu
2115,kathleenturn
2116,timothyhutton
2117,markdamon
2118,sharkattack
2119,ronaldsand
2120,karlwalterlindenlaub
2121,jenniferlovehewitt
2122,louisdigiaimo
2123,judybeck
2124,braddourif
2125,autism
2126,rock
2127,scottspeedman
2128,maryjoslat
2129,loudiamondphillip
2130,thrsedeprez
2131,uwebol
2132,vivicaafox
2133,madonna
2134,dancer
2135,ellenbarkin
2136,davidmoritz
2137,tombereng
2138,confess
2139,jessebradford
2140,jonathandemm
2141,aarontaylorjohnson
2142,davidkirschn
2143,americanabroad
2144,masturb
2145,humananimalrelationship
2146,andrewmacdonald
2147,homicid
2148,sittingonatoilet
2149,lax
2150,richardkelli
2151,richardswright
2152,amberheard
2153,richardcurti
2154,marymccormack
2155,past
2156,jazz
2157,glenneheadli
2158,manwomanrel
2159,dolphin
2160,bankrobb
2161,protest
2162,hilaryduff
2163,poetri
2164,annapaquin
2165,declanquinn
2166,brielarson
2167,mekhiphif
2168,shannynsossamon
2169,countrymus
2170,gabrielyar
2171,michaeljaiwhit
2172,robcorddri
2173,elmerbernstein
2174,ax
2175,morgu
2176,guilt
2177,peterdem
2178,internet
2179,menasuvari
2180,jasonschwartzman
2181,chevychas
2182,shyness
2183,scottkroopf
2184,ambul
2185,dennisfarina
2186,robertwis
2187,robertshay
2188,jesuschrist
2189,sarapaxton
2190,lassehallstrm
2191,verylittledialogu
2192,paulsorvino
2193,massacr
2194,chrisbrown
2195,simonebr
2196,busi
2197,popular
2198,alexanderpayn
2199,gaelgarcabern
2200,sarahpolley
2201,davidhewlett
2202,accid
2203,cigarettesmok
2204,ghetto
2205,crocodil
2206,art
2207,hugoluczycwyhowski
2208,theatremilieu
2209,alisalepselt
2210,gregorypeck
2211,arrangedmarriag
2212,eddiegriffin
2213,rodluri
2214,johnsloss
2215,existenti
2216,treypark
2217,davidkitay
2218,charlieclous
2219,shower
2220,grief
2221,sallyhawkin
2222,breteastonelli
2223,mdavidmullen
2224,larsvontri
2225,vincentgallo
2226,nathanlarson
2227,gurinderchadha
2228,richardbrook
2229,mikecahil
2230,joeswanberg
2231,alienplanet
2232,burglar
2233,gothamc
2234,mar
2235,tomfelton
2236,mathieuamalr
2237,louisefrogley
2238,fortunetel
2239,armiehamm
2240,williamfichtn
2241,reboot
2242,matteroflifeanddeath
2243,mermaid
2244,unlikelyfriendship
2245,martinfreeman
2246,kymbarrett
2247,classdiffer
2248,starcrossedlov
2249,francesfish
2250,irrfankhan
2251,supervillain
2252,crispinglov
2253,tank
2254,giantrobot
2255,circu
2256,hope
2257,markfriedberg
2258,garretthedlund
2259,blakel
2260,ngiladickson
2261,nedbeatti
2262,race
2263,zombieapocalyps
2264,jjabram
2265,guillermodeltoro
2266,archeolog
2267,jeffdanna
2268,kellymacdonald
2269,christuck
2270,naturaldisast
2271,christmasev
2272,charlesdicken
2273,interspeciesrom
2274,joelkinnaman
2275,laurengraham
2276,jimmybennett
2277,tattoo
2278,doomsday
2279,johndext
2280,amypoehl
2281,kerirussel
2282,talent
2283,janelynch
2284,nerd
2285,liamhemsworth
2286,warrior
2287,firemen
2288,singlefath
2289,automobilerac
2290,victorjzolfo
2291,mine
2292,philipmessina
2293,drown
2294,wolfgangpetersen
2295,assault
2296,dominiccoop
2297,cuttingthecord
2298,affect
2299,alicebraga
2300,naomishohan
2301,freddiehighmor
2302,kitchen
2303,briandennehi
2304,davidschwimm
2305,kevinkaska
2306,thomaslennon
2307,truth
2308,rome
2309,edgarramrez
2310,jonnyleemil
2311,patrickwarburton
2312,map
2313,frog
2314,girlfriend
2315,childprodigi
2316,battlefield
2317,asteroid
2318,disastermovi
2319,adultanim
2320,warveteran
2321,jantyy
2322,robertpattinson
2323,taylorlautn
2324,craigarmstrong
2325,georgenolfi
2326,turtl
2327,rebellion
2328,buddycop
2329,sovietunion
2330,nickfrost
2331,michaelmccusk
2332,marylouisepark
2333,alechammond
2334,caribbean
2335,escapefromprison
2336,chrisodonnel
2337,aliciasilverston
2338,dougrayscott
2339,resurrect
2340,doublecross
2341,donallogu
2342,philipivey
2343,athlet
2344,kathrynhahn
2345,garag
2346,jamescoburn
2347,cavemen
2348,loss
2349,isismussenden
2350,jonathanpryc
2351,jennifertilli
2352,intoler
2353,lenwiseman
2354,mariovanpeebl
2355,spencerbreslin
2356,keithdavid
2357,architect
2358,goldiehawn
2359,poker
2360,dishonesti
2361,horsebackrid
2362,fatherinlaw
2363,oliverwood
2364,plantat
2365,witchhunt
2366,numberintitl
2367,shellyjohnson
2368,siennaguillori
2369,tedgriffin
2370,jimsturgess
2371,beauflynn
2372,jamiekennedi
2373,marktildesley
2374,joepantoliano
2375,alanheim
2376,martinbregman
2377,invent
2378,odedfehr
2379,gangwar
2380,jonhed
2381,tree
2382,mindcontrol
2383,maggiegray
2384,normangarwood
2385,terencemarsh
2386,skateboard
2387,shirleymaclain
2388,stuartdryburgh
2389,coffin
2390,rodrigosantoro
2391,jamesgarn
2392,doppelgang
2393,dictat
2394,davefranco
2395,edsolomon
2396,jimthoma
2397,treatwilliam
2398,barn
2399,hostagetak
2400,selenagomez
2401,countryhous
2402,lakebel
2403,movieinmovi
2404,charlesd
2405,imeldastaunton
2406,fate
2407,nicholasmey
2408,royscheid
2409,nickmoor
2410,marcplatt
2411,alexgarland
2412,workahol
2413,heartattack
2414,tonygoldwyn
2415,prayer
2416,edhelm
2417,christmastre
2418,vorort
2419,egg
2420,dennisdugan
2421,tragedi
2422,clancybrown
2423,insomnia
2424,mariondougherti
2425,kimberlyelis
2426,stranger
2427,americancivilwar
2428,jackgiarraputo
2429,jonathanmostow
2430,liveactionandanim
2431,jakeebert
2432,timmeadow
2433,manhattannewyorkc
2434,russellbrand
2435,hippi
2436,miracl
2437,age
2438,donsimpson
2439,michelletrachtenberg
2440,mayarudolph
2441,climb
2442,stephengoldblatt
2443,mathieukassovitz
2444,missystewart
2445,russellcarpent
2446,victorkempst
2447,isaiahwashington
2448,infect
2449,annedudley
2450,markwarn
2451,adamgreenberg
2452,yacht
2453,bahama
2454,craigalpert
2455,christophertellefsen
2456,hctorelizondo
2457,ransom
2458,llcoolj
2459,exgirlfriend
2460,unrequitedlov
2461,hiddencamera
2462,johnnyklimek
2463,reinholdheil
2464,gregghenri
2465,gilliananderson
2466,familyconflict
2467,sallyfield
2468,elderli
2469,underground
2470,markgordon
2471,alinebroshmckenna
2472,femmefatal
2473,leathompson
2474,richardegr
2475,barrymalkin
2476,snowstorm
2477,lonewolf
2478,submachinegun
2479,clown
2480,lauradern
2481,stevenbernstein
2482,elizabethperkin
2483,teripolo
2484,mentallydis
2485,safe
2486,susanemors
2487,annebancroft
2488,wernerherzog
2489,stockardchan
2490,loyalti
2491,navys
2492,walterhil
2493,apartheid
2494,clayagriffith
2495,tomshadyac
2496,tomschulman
2497,barbarahaberecht
2498,afghanistan
2499,sportsteam
2500,jobinterview
2501,alilart
2502,briankoppelman
2503,davidlevien
2504,wendyfinerman
2505,pop
2506,michellemorri
2507,georgetakei
2508,akitmanho
2509,maniac
2510,reunion
2511,tomholland
2512,bradycorbet
2513,privatedetect
2514,lesliebibb
2515,tariqanwar
2516,chrysshioni
2517,fword
2518,joeylaurenadam
2519,bikini
2520,peasant
2521,bet
2522,soulmat
2523,americanfootballplay
2524,innoc
2525,michelleguish
2526,joanchen
2527,rleeermey
2528,michaelpitt
2529,attempttoescap
2530,harryconnickjr
2531,fashion
2532,jerryzuck
2533,natashalyonn
2534,gangsterboss
2535,selfdefens
2536,servant
2537,laboratori
2538,surgeon
2539,michaelrmil
2540,rodsteig
2541,parent
2542,yasiinbey
2543,blond
2544,jail
2545,henrythoma
2546,derekluk
2547,irwinwinkl
2548,waltdisney
2549,oppositesattract
2550,premonit
2551,drunk
2552,juliansand
2553,billconti
2554,alexapenavega
2555,mississippi
2556,williampack
2557,fromragstorich
2558,homophobia
2559,joybryant
2560,ronlivingston
2561,bridesmaid
2562,bestfriendsinlov
2563,mentalil
2564,medicin
2565,maskedkil
2566,joshpeck
2567,deathoffath
2568,youngboy
2569,williamafrak
2570,catherinedeneuv
2571,edwardlachman
2572,michaeljablow
2573,alecguin
2574,ski
2575,chrisgil
2576,charlesdurn
2577,guitar
2578,wongkarwai
2579,farewel
2580,memoryloss
2581,cathol
2582,deforestkelley
2583,jamesdoohan
2584,fianc
2585,chadmichaelmurray
2586,miloventimiglia
2587,pamdixon
2588,thelmaschoonmak
2589,scotteastwood
2590,cleaduval
2591,jongregori
2592,teenagesexu
2593,davidwain
2594,dannyglick
2595,tobinbel
2596,disabl
2597,rogermoor
2598,paranorm
2599,costum
2600,frankiemuniz
2601,marcforst
2602,classroom
2603,williamshakespear
2604,rutgerhau
2605,pedophilia
2606,drugus
2607,alexisbledel
2608,firsttim
2609,stoner
2610,aaronryd
2611,christopherlambert
2612,matthewgood
2613,iraqwar
2614,michaelwinterbottom
2615,jennifercoolidg
2616,jasonrobard
2617,sandraadair
2618,orsonwel
2619,stalk
2620,femalecorps
2621,sarahflack
2622,crossdress
2623,alfrednewman
2624,bobclark
2625,dimitritiomkin
2626,laurarosenth
2627,silentfilm
2628,jamesivori
2629,corbinbernsen
2630,kanehodd
2631,gayinterest
2632,barbarahershey
2633,lylerwheel
2634,britmarl
2635,basement
2636,jayduplass
2637,harrysaltzman
2638,adityachopra
2639,canuxploit
2640,nicoleholofcen
2641,johncameronmitchel
2642,jonknautz
2643,fredzinnemann
2644,christopherblandon
2645,doncoscarelli
2646,michaelpolish
2647,deshamilton
2648,spacecoloni
2649,societi
2650,stephenlang
2651,fighter
2652,monicabellucci
2653,stanle
2654,broom
2655,wizardri
2656,olgakurylenko
2657,lloydphillip
2658,mutini
2659,timemachin
2660,dwarv
2661,socialoutcast
2662,andrewgarfield
2663,thomaskretschmann
2664,panic
2665,alexanderskarsgrd
2666,tyrannosaurusrex
2667,artgalleri
2668,waronterror
2669,richardpagano
2670,sun
2671,joshduhamel
2672,rainnwilson
2673,kelseygramm
2674,peterbrown
2675,christianwagn
2676,zacharyquinto
2677,gemmaarterton
2678,sarahbradshaw
2679,commando
2680,kenjeong
2681,natur
2682,bobpeterson
2683,courag
2684,juliewalt
2685,darylsabara
2686,feralchild
2687,fairytalefigur
2688,glennberg
2689,stefanczapski
2690,johnhannah
2691,erwinstoff
2692,laser
2693,siennamil
2694,imaginaryfriend
2695,marklivolsi
2696,leader
2697,ape
2698,jasonclark
2699,rolandjoff
2700,jamiechung
2701,sarahsilverman
2702,michaeljet
2703,arena
2704,flight
2705,americaferrera
2706,tunnel
2707,invis
2708,jordanabrewst
2709,juliaormond
2710,teresapalm
2711,jonturteltaub
2712,liberationofprison
2713,boardingschool
2714,rickshain
2715,teenagehero
2716,glenscantleburi
2717,greec
2718,chosenon
2719,tournament
2720,andrewlesni
2721,grandfathergrandsonrelationship
2722,work
2723,chimp
2724,ancientgreec
2725,mad
2726,flower
2727,mnightshyamalan
2728,toshootdead
2729,video
2730,disguis
2731,basedonchildrensbook
2732,rooneymara
2733,tyburrel
2734,melissamccarthi
2735,light
2736,bryancranston
2737,islafish
2738,holduprobberi
2739,languagebarri
2740,ussoldi
2741,teleport
2742,malinkerman
2743,michaelwilkinson
2744,jimmay
2745,lenniejam
2746,oil
2747,peterfacinelli
2748,timblakenelson
2749,domhnallgleeson
2750,mentor
2751,bobbycannaval
2752,richardbegg
2753,ranch
2754,davidwenham
2755,zokravitz
2756,prehistor
2757,prehistorictim
2758,tinafey
2759,michaellamont
2760,governor
2761,audreytaut
2762,chriswedg
2763,brazil
2764,kellyreilli
2765,jasonflemyng
2766,philipkdick
2767,rooftop
2768,christinebaranski
2769,spain
2770,ioangruffudd
2771,aliciavikand
2772,nancyjuvonen
2773,geenadavi
2774,colmfeor
2775,abbiecornish
2776,scottport
2777,dreamsequ
2778,galaxi
2779,radiotransmiss
2780,marinecorp
2781,code
2782,cabin
2783,partnership
2784,michaelbjordan
2785,ilenestarg
2786,ellenheu
2787,michelleyeoh
2788,tchkykaryo
2789,shailenewoodley
2790,davidtattersal
2791,playboy
2792,edwardfurlong
2793,minion
2794,cow
2795,jasonpatr
2796,transportofprison
2797,romanempir
2798,mentalinstitut
2799,policecorrupt
2800,policedetect
2801,tiacarrer
2802,dentist
2803,chasesandrac
2804,justinbartha
2805,atheist
2806,fisherman
2807,stockbrok
2808,fatherfigur
2809,spacebattl
2810,owl
2811,rescuemiss
2812,mafiaboss
2813,amyryan
2814,surfer
2815,idol
2816,annroth
2817,electioncampaign
2818,dylanmcdermott
2819,armandassant
2820,cinderella
2821,sandypowel
2822,saoirseronan
2823,alessandronivola
2824,danzimmerman
2825,maurychaykin
2826,roselynsnchez
2827,grahamgreen
2828,familyvac
2829,spiritu
2830,tomskerritt
2831,invisibleman
2832,witnesstomurd
2833,bobbycohen
2834,stephendillan
2835,normanreynold
2836,jamesearljon
2837,greatdepress
2838,billco
2839,backpack
2840,frankenstein
2841,patrickdempsey
2842,releasefromprison
2843,womensprison
2844,jamesjmurakami
2845,hunter
2846,gongli
2847,lucasblack
2848,sungkang
2849,dallaspuett
2850,martinbrest
2851,attemptedmurd
2852,terryrawl
2853,andrewneskoromni
2854,madscientist
2855,larrymil
2856,regret
2857,motherlylov
2858,victim
2859,secretbas
2860,thomaseackerman
2861,ginagershon
2862,elmoweb
2863,raymondjbarri
2864,blakeedward
2865,control
2866,mimirog
2867,markrosenth
2868,excon
2869,hell
2870,ronaldbass
2871,evolut
2872,haroldperrineau
2873,joedant
2874,miafarrow
2875,mathemat
2876,willfort
2877,eugenioderbez
2878,breakingthefourthwal
2879,jasonalexand
2880,independ
2881,policest
2882,seanastin
2883,perform
2884,neworlean
2885,celiadcosta
2886,recordproduc
2887,unitedstatesmexicobarri
2888,class
2889,lenaolin
2890,jerryweintraub
2891,bridgetfonda
2892,chriskattan
2893,scottfrank
2894,comicbook
2895,assist
2896,petercoyot
2897,barrymendel
2898,usmarin
2899,parentsinlaw
2900,richardpric
2901,guerrilla
2902,gunviol
2903,brucecohen
2904,johnvallon
2905,xenomorph
2906,sanaalathan
2907,steelhelmet
2908,jonathanfrak
2909,benedictcumberbatch
2910,hustler
2911,wrestl
2912,hughdanc
2913,noopeningcredit
2914,joeeszterha
2915,jackryan
2916,scottstub
2917,insaneasylum
2918,stephenhburum
2919,beat
2920,oldermanyoungerwomanrelationship
2921,childhoodtrauma
2922,box
2923,samanthamathi
2924,bobgunton
2925,childhoodmemori
2926,nearfutur
2927,patrickswayz
2928,candlelightvigil
2929,michaelyork
2930,johnwitherspoon
2931,davidkeith
2932,icehockey
2933,motorcyclegang
2934,stuarthpapp
2935,nathaliecheron
2936,kgb
2937,claustrophobia
2938,aliciawitt
2939,maze
2940,ambervalletta
2941,shottodeath
2942,montana
2943,lewiscolick
2944,medic
2945,paranormalphenomena
2946,joemantegna
2947,conspiracyofmurd
2948,geneserdena
2949,poverti
2950,elizabethhurley
2951,evalongoria
2952,cigarsmok
2953,deadbodi
2954,penelopeannmil
2955,michaelnozik
2956,ontheroad
2957,mistakeinperson
2958,crispians
2959,joemorton
2960,kevinzeg
2961,earth
2962,iainsoftley
2963,johnrhysdavi
2964,flirt
2965,lust
2966,laloschifrin
2967,brittanysnow
2968,vietnam
2969,christopherreev
2970,geoffreyunsworth
2971,troytakaki
2972,stagnight
2973,alysonhannigan
2974,tarajiphenson
2975,yakuza
2976,cowboy
2977,colmmeaney
2978,scottmosi
2979,impostor
2980,minist
2981,blackandwhit
2982,italoamerican
2983,grayfrederickson
2984,lossofvirgin
2985,exwif
2986,breakup
2987,cowork
2988,lynzeeklingman
2989,kristinchenoweth
2990,billyburk
2991,skeetulrich
2992,petergallagh
2993,adamgoldberg
2994,robertdyeoman
2995,timcurri
2996,rolfek
2997,stephentobolowski
2998,onenight
2999,alexpettyf
3000,gustavosantaolalla
3001,misfit
3002,mattwalsh
3003,arminmuellerstahl
3004,stripteas
3005,christophermintzplass
3006,leeperci
3007,pamgrier
3008,humantraffick
3009,johnstockwel
3010,fayedunaway
3011,stupid
3012,greatbritain
3013,dwightyoakam
3014,lochlynmunro
3015,interracialrelationship
3016,patient
3017,policeman
3018,thorabirch
3019,jamesfox
3020,pennsylvania
3021,violenceinschool
3022,teachersandstud
3023,ericstoltz
3024,billbutl
3025,frankoz
3026,keenenivorywayan
3027,pembrokejh
3028,deafmut
3029,pool
3030,privateschool
3031,nickpark
3032,roddymcdowal
3033,alexheff
3034,lizzycaplan
3035,karat
3036,scam
3037,nelsonco
3038,jonlovitz
3039,envi
3040,solareclips
3041,arson
3042,philipglass
3043,megeverist
3044,peterhedg
3045,macaulayculkin
3046,unhappi
3047,piano
3048,roblow
3049,lossofwif
3050,schoolbu
3051,rapper
3052,fairuzabalk
3053,commerci
3054,judydavi
3055,omarepp
3056,anastasnmicho
3057,tarareid
3058,prank
3059,jamesbrolin
3060,andylau
3061,tomeverettscott
3062,nathanfillion
3063,ruthecart
3064,violenthusband
3065,heartbreak
3066,deantavoulari
3067,bokeemwoodbin
3068,charlesmartinsmith
3069,captiv
3070,bobziembicki
3071,arbitrarylaw
3072,scotthick
3073,educ
3074,cairo
3075,juliettebinoch
3076,domesticviol
3077,fratern
3078,prisoncel
3079,radiost
3080,gilberttaylor
3081,brucecannon
3082,cliftoncollinsjr
3083,columbusshort
3084,beverlydangelo
3085,tylerb
3086,carriefish
3087,kyrasedgwick
3088,carolkan
3089,nathanbarr
3090,roberttapert
3091,marcturtletaub
3092,sexcomedi
3093,melanielynskey
3094,despair
3095,familyfeud
3096,painter
3097,screenwrit
3098,romolagarai
3099,smoke
3100,melissageorg
3101,econom
3102,kimberlypeirc
3103,williamforsyth
3104,junki
3105,sergioleon
3106,suitor
3107,jimdenault
3108,jenniferesposito
3109,alcoholabus
3110,monikamikkelsen
3111,jeremythoma
3112,concentrationcamp
3113,behead
3114,katden
3115,tarynman
3116,maxthieriot
3117,stuntman
3118,emigr
3119,stacyperalta
3120,boyfriend
3121,lancehenriksen
3122,miranair
3123,rockband
3124,wendygreenebricmont
3125,lorettadevin
3126,estat
3127,aishacoley
3128,guillermoarriaga
3129,billmoseley
3130,moral
3131,beer
3132,cannabi
3133,clerk
3134,secretari
3135,teenagerom
3136,amyheckerl
3137,search
3138,christinevachon
3139,frankgdemarco
3140,markbrown
3141,paulbrook
3142,corbinbleu
3143,carriestewart
3144,michaelhanek
3145,rodrigocort
3146,davidgal
3147,richardhklin
3148,atomegoyan
3149,jamesgunn
3150,actress
3151,robindcook
3152,rickfamuyiwa
3153,emilioestevez
3154,mannysiverio
3155,slapstick
3156,radiopresent
3157,darrenaronofski
3158,robertshaw
3159,darrylfzanuck
3160,menahemgolan
3161,harrydeanstanton
3162,tedhop
3163,johnsayl
3164,stevejam
3165,guyhamilton
3166,jasonblum
3167,johnwayn
3168,toddsolondz
3169,nicklov
3170,mikefiggi
3171,charlesferguson
3172,filmnoir
3173,tiwest
3174,jasontrost
3175,shanecarruth
3176,cgi
3177,mindandsoul
3178,strongwoman
3179,swashbuckl
3180,hostagedrama
3181,timebomb
3182,tragichero
3183,destruct
3184,batman
3185,medallion
3186,taylorkitsch
3187,sandstorm
3188,superheroteam
3189,schoolofwitchcraft
3190,henrycavil
3191,gilbertadl
3192,jamesbadgedal
3193,humanb
3194,davidminkowski
3195,matthewstillman
3196,shield
3197,primeminist
3198,duke
3199,kevinmcn
3200,bowelch
3201,middleearthtolkien
3202,hobbit
3203,geneticengin
3204,robinhood
3205,evagreen
3206,markordeski
3207,showbusi
3208,colinhank
3209,billyzan
3210,sebastianstan
3211,christophermarku
3212,stephenmcfe
3213,jurassicpark
3214,naomieharri
3215,ironman
3216,miawasikowska
3217,lost
3218,danedehaan
3219,magicalobject
3220,firearm
3221,mariokassar
3222,giant
3223,bobducsay
3224,peterrussel
3225,bazluhrmann
3226,giantmonst
3227,charliehunnam
3228,mayacivil
3229,alternatehistori
3230,jeffgarlin
3231,ambassador
3232,victorianengland
3233,eddieredmayn
3234,alexanderbern
3235,balloon
3236,conradvernon
3237,stephensomm
3238,dejavu
3239,snowwhit
3240,imprison
3241,darkfantasi
3242,adapt
3243,samriley
3244,junotempl
3245,plagu
3246,terryryan
3247,pennyros
3248,beatfrutig
3249,brittrobertson
3250,alantudyk
3251,vike
3252,expedit
3253,blackhol
3254,farmer
3255,spacest
3256,ring
3257,dougclaybourn
3258,navi
3259,apprentic
3260,sorcer
3261,ball
3262,emmyrossum
3263,theatreplay
3264,heirtothethron
3265,coupdetat
3266,charlesleavitt
3267,pearlharbor
3268,rachaeltaylor
3269,sorcerersapprentic
3270,sorceri
3271,eddiemarsan
3272,expensiverestaur
3273,chef
3274,zoo
3275,sunlight
3276,supercomput
3277,troll
3278,prequel
3279,mileycyru
3280,austria
3281,florist
3282,ice
3283,warship
3284,devpatel
3285,mobilephon
3286,goodandbad
3287,paulawagn
3288,lesleefeldman
3289,firstlov
3290,elliekemp
3291,deport
3292,laraflynnboyl
3293,sin
3294,suburbia
3295,mose
3296,aaronpaul
3297,benmendelsohn
3298,vulcan
3299,alternater
3300,nikolajcosterwaldau
3301,richardroxburgh
3302,brooklynnewyorkc
3303,robbiecoltran
3304,peterweir
3305,egdaili
3306,littlegirl
3307,grizzlybear
3308,europ
3309,home
3310,mirandaotto
3311,kukluxklan
3312,ecstasi
3313,jordimol
3314,leslieerollin
3315,sophieokonedo
3316,comet
3317,prehistoricadventur
3318,rebelwilson
3319,brutonjon
3320,jamaica
3321,audit
3322,escapedconvict
3323,seamonst
3324,lynnharri
3325,troysizemor
3326,hologram
3327,hunt
3328,jenniferfox
3329,tornado
3330,iceag
3331,louiscraig
3332,stormatsea
3333,michaelchikli
3334,teenageboy
3335,timsquyr
3336,ghostworld
3337,markscruton
3338,mcg
3339,spinoff
3340,rickmccallum
3341,bodyhorror
3342,earthquak
3343,rogerspottiswood
3344,french
3345,davidbrenn
3346,jaymamay
3347,sofavergara
3348,jdavidstem
3349,diamond
3350,haileesteinfeld
3351,walkietalki
3352,firework
3353,julesvern
3354,trevorjon
3355,crusad
3356,religi
3357,martoncsoka
3358,engin
3359,transplant
3360,patsandston
3361,evid
3362,gorilla
3363,hidingplac
3364,tomarnold
3365,reneeehrlichkalfu
3366,witnessprotect
3367,usmarsh
3368,vanessawilliam
3369,deadli
3370,palac
3371,antichrist
3372,robintunney
3373,humor
3374,jakebusey
3375,sexism
3376,evilcorpor
3377,lambertwilson
3378,davidhydepierc
3379,annafriel
3380,daniellupi
3381,benwhishaw
3382,jaymohr
3383,bengazzara
3384,wound
3385,kristindavi
3386,rayromano
3387,danteferretti
3388,lossofdaught
3389,pedophil
3390,honor
3391,wallypfist
3392,cage
3393,brandontjackson
3394,johncameron
3395,donrickl
3396,ouijaboard
3397,birth
3398,bradgrey
3399,hack
3400,jonathanhensleigh
3401,timurbekmambetov
3402,israel
3403,hairdress
3404,nickswardson
3405,francesoconnor
3406,markmancina
3407,humanexperiment
3408,rhonamitra
3409,unitedn
3410,moniqueprudhomm
3411,radeserbedzija
3412,patsypollock
3413,catherinemccormack
3414,jerryoconnel
3415,embethdavidtz
3416,neiltravi
3417,anonym
3418,rubnblad
3419,kathrynbigelow
3420,sociallydeprivedfamili
3421,boxingmatch
3422,craigbierko
3423,americandream
3424,racehors
3425,oneagainstmani
3426,frankapotent
3427,raystevenson
3428,genndytartakovski
3429,billionair
3430,apart
3431,bounti
3432,selfreferenti
3433,fmurrayabraham
3434,shadmoss
3435,colombia
3436,surgeri
3437,kieranculkin
3438,janetjackson
3439,halholbrook
3440,hiltonrosemarin
3441,auction
3442,blade
3443,pragu
3444,garden
3445,davidogdensti
3446,oprahwinfrey
3447,bernardwilliam
3448,nancymey
3449,businessman
3450,christophermeledandri
3451,zacharywoodle
3452,plasticsurgeri
3453,jenniferb
3454,johnhugh
3455,paranormalact
3456,beyoncknowl
3457,jonbernth
3458,jamesdy
3459,cavalri
3460,gulfwar
3461,markaddi
3462,peterfirth
3463,annabellasciorra
3464,stevenbril
3465,congress
3466,guard
3467,gilesnuttgen
3468,heatherlocklear
3469,jackgil
3470,larenzt
3471,jacquesperrin
3472,slave
3473,mathematician
3474,sportscar
3475,ricksimpson
3476,markhold
3477,invas
3478,die
3479,schoolparti
3480,basedonfilm
3481,bojanbazelli
3482,andydick
3483,mlanielaur
3484,swing
3485,securitycamera
3486,jazzmusician
3487,musicrecord
3488,lisagerrard
3489,platoniclov
3490,classsocieti
3491,liamcunningham
3492,bail
3493,christophermeloni
3494,craigmckay
3495,jonhamm
3496,kentbeyda
3497,roryculkin
3498,stephaniecarrol
3499,antisemit
3500,swastika
3501,swatteam
3502,pyramid
3503,brentspin
3504,albertfinney
3505,scuba
3506,maryelizabethmastrantonio
3507,carbomb
3508,lyndaobst
3509,silenc
3510,younglov
3511,terrygeorg
3512,dominicpurcel
3513,audebronsonhoward
3514,larryferguson
3515,risabramongarcia
3516,davidmorrissey
3517,cent
3518,boazdavidson
3519,philtippett
3520,voiceov
3521,lifesdream
3522,adamfield
3523,michaelbarrett
3524,simonmcburney
3525,distrust
3526,secretlab
3527,imogenpoot
3528,debraneilfish
3529,runaway
3530,jayhernandez
3531,lawrencekonn
3532,jeffreykurland
3533,freelov
3534,vampirehunt
3535,davidcaruso
3536,stevenedesouza
3537,childrenshom
3538,caryhiroyukitagawa
3539,dennishaysbert
3540,davidbow
3541,drugcartel
3542,annearch
3543,marcshaiman
3544,eliesamaha
3545,vincentregan
3546,electricchair
3547,chicken
3548,nataschamcelhon
3549,jeffreystott
3550,familyholiday
3551,crisi
3552,douglasamowat
3553,saffronburrow
3554,kennyortega
3555,takfujimoto
3556,williamross
3557,albertbrenn
3558,heatherloeffl
3559,ericidl
3560,griffindunn
3561,pressconfer
3562,stadium
3563,starfleet
3564,fetish
3565,inherit
3566,edwardherrmann
3567,cathymoriarti
3568,davidholm
3569,bangkok
3570,angelopgraham
3571,groupi
3572,luxuri
3573,evilspirit
3574,tvrate
3575,writersblock
3576,oliviamunn
3577,leeleesobieski
3578,danhalst
3579,salesclerk
3580,robertloggia
3581,janekrakowski
3582,coach
3583,thebiggam
3584,wildwest
3585,terrycrew
3586,intern
3587,biker
3588,exsoldi
3589,nealmcdonough
3590,surpris
3591,settler
3592,bu
3593,intrigu
3594,oper
3595,andrebraugh
3596,davidcarradin
3597,isabellarossellini
3598,johnjstrauss
3599,castrat
3600,rosemariedewitt
3601,killingspre
3602,manhunt
3603,mauratierney
3604,seymourcassel
3605,public
3606,theater
3607,rickygervai
3608,jongarysteel
3609,lighthous
3610,summercamp
3611,courtneybv
3612,leonorvarela
3613,normanreedu
3614,vegetarian
3615,leslieapop
3616,deepaknayar
3617,cameroncrow
3618,louisiana
3619,stcenturi
3620,benchaplin
3621,pimp
3622,jacquesbufnoir
3623,karelroden
3624,laurencemark
3625,allencovert
3626,davidpaym
3627,bathtub
3628,scootmcnairi
3629,natepark
3630,fascism
3631,catholicpriest
3632,diamant
3633,unfaith
3634,waragainstterror
3635,seattl
3636,deborahkaraung
3637,sleepwalk
3638,rogeravari
3639,strike
3640,orlandojon
3641,judgereinhold
3642,danilobach
3643,bat
3644,robertproski
3645,deancain
3646,guillaumecanet
3647,johncorbett
3648,derekdauchi
3649,andrewniccol
3650,cynic
3651,kchodenfield
3652,dive
3653,sieg
3654,dougliman
3655,spectacl
3656,andrzejbartkowiak
3657,gunbattl
3658,petermacgregorscott
3659,model
3660,delinqu
3661,stolenmoney
3662,denholmelliott
3663,highsocieti
3664,maggiegrac
3665,stevenweisberg
3666,deepamehta
3667,suspect
3668,davidjulyan
3669,peterburgi
3670,horrorspoof
3671,tobyemmerich
3672,heathermatarazzo
3673,braintumor
3674,scotthil
3675,scholarship
3676,cheechmarin
3677,nivenhowi
3678,blinddat
3679,guninmouth
3680,davidrelli
3681,joeanderson
3682,arvindergrew
3683,moralconflict
3684,toxic
3685,princip
3686,oliverpark
3687,juror
3688,studi
3689,isabellehuppert
3690,paparazzi
3691,relat
3692,roleofwomen
3693,davidalangri
3694,countrysid
3695,donnieyen
3696,lisazenochurgin
3697,davidwasco
3698,reginahal
3699,maherahmad
3700,beguil
3701,blindnessandimpairedvis
3702,limousin
3703,matthewperri
3704,marksteven
3705,killertoy
3706,michaelnknu
3707,dagmaradomiczyk
3708,write
3709,romanticdrama
3710,attic
3711,marykayplac
3712,nancystein
3713,danfogelman
3714,pornactor
3715,lsd
3716,crash
3717,burtyoung
3718,nickhornbi
3719,aggieguerardrodg
3720,valeriemccaffrey
3721,epilepsi
3722,elizadushku
3723,mirasorvino
3724,kellymcgilli
3725,shaheenbaig
3726,lvaroaugustn
3727,sharonbiali
3728,vinessashaw
3729,bridgettewilson
3730,christianclavi
3731,clarkduk
3732,ethancoen
3733,franoiscluzet
3734,throatslit
3735,danfutterman
3736,shoppingmal
3737,jeremysisto
3738,kateesackhoff
3739,underwear
3740,racialsegreg
3741,kathydriscol
3742,danielbrhl
3743,andreweaton
3744,desir
3745,davideggbi
3746,brainwash
3747,test
3748,trucker
3749,edwardfox
3750,aquarium
3751,chrismoor
3752,bernardherrmann
3753,anthonyminghella
3754,kevinheffernan
3755,suzannetenn
3756,psychopathi
3757,soror
3758,tomkarnowski
3759,maximealexandr
3760,yuppi
3761,randallemmett
3762,robertkweiss
3763,britain
3764,realest
3765,xaviersamuel
3766,rosannaarquett
3767,jessejam
3768,psychologicalthril
3769,michaelkuhn
3770,marleyshelton
3771,wine
3772,tonykay
3773,stephenmchatti
3774,lolitadavidovich
3775,gabrielemuccino
3776,benstassen
3777,psychotherapi
3778,robertjohnburk
3779,irland
3780,nightlif
3781,korea
3782,avilern
3783,grave
3784,aggressionbyanim
3785,mikaboorem
3786,simoncallow
3787,slum
3788,chrislspellman
3789,strokeoff
3790,russtalsobrook
3791,lossofsist
3792,gypsi
3793,alisonlohman
3794,prettywoman
3795,mattchess
3796,sunris
3797,peckprior
3798,jasonfriedberg
3799,carmenejogo
3800,cameronbright
3801,miner
3802,burnedal
3803,jaimepressli
3804,sexscen
3805,johnflink
3806,departmentstor
3807,coalmin
3808,emforst
3809,cruelti
3810,playwright
3811,kekepalm
3812,garykurtz
3813,theatregroup
3814,tonytodd
3815,rogerford
3816,gretagerwig
3817,frankjuriost
3818,frankgrillo
3819,markgingra
3820,amyirv
3821,misogynist
3822,lynnredgrav
3823,amandabyn
3824,huntlowri
3825,empower
3826,mariadjurkov
3827,popcultur
3828,barnabythompson
3829,arigraynor
3830,chriselliott
3831,peterblock
3832,stephenwoolley
3833,juliedelpi
3834,nivfichman
3835,shawnhatosi
3836,melaniegriffith
3837,leonardrosenman
3838,philadelphia
3839,chrispenn
3840,newag
3841,davidpermut
3842,melancholi
3843,bittersweet
3844,jeffjur
3845,michaelpolair
3846,greatwhiteshark
3847,neiljordan
3848,britisharmi
3849,deborahkaplan
3850,jacklemmon
3851,donmckellar
3852,paulfreeman
3853,twentysometh
3854,kellywagn
3855,gossip
3856,johncho
3857,krystenritt
3858,peterfalk
3859,tourist
3860,niavardalo
3861,jamesbamford
3862,machet
3863,bobdylan
3864,aborigin
3865,katsuhirotomo
3866,costasmandylor
3867,ryanon
3868,sailor
3869,jewish
3870,javierbennassar
3871,true
3872,inthecloset
3873,kasilemmon
3874,jaychandrasekhar
3875,donaldpleas
3876,betsyrussel
3877,seanpatrickflaneri
3878,ethanembri
3879,charltonheston
3880,harlandwilliam
3881,orgasm
3882,alfonsocuarn
3883,sheldonlettich
3884,jamesgray
3885,methodman
3886,warehous
3887,camillabel
3888,joshuajackson
3889,teenagepregn
3890,rampag
3891,michaelmy
3892,scottderrickson
3893,philvisch
3894,mikenawrocki
3895,craigbrew
3896,marcelzyskind
3897,naiveti
3898,juliofernndez
3899,tonyjaa
3900,transvest
3901,maxricht
3902,davidwatkin
3903,markwhit
3904,lesleymanvil
3905,sexualident
3906,markpolish
3907,jerryflem
3908,stab
3909,girl
3910,richardhalsey
3911,lisarinzl
3912,akirakurosawa
3913,brazilian
3914,johnchoward
3915,shahrukhkhan
3916,abhishekbachchan
3917,amitabhbachchan
3918,peterabram
3919,yoramglobu
3920,paulschne
3921,chrishanley
3922,tradit
3923,borisleven
3924,petersaraf
3925,nicolaswindingrefn
3926,davidoselznick
3927,burtlancast
3928,frankmancusojr
3929,orenp
3930,jasonvorhe
3931,fentonbailey
3932,djpooh
3933,arthurfre
3934,cedricgibbon
3935,masterp
3936,victornunez
3937,standupcomedi
3938,christianfilm
3939,chriskenti
3940,adamcarolla
3941,benwheatley
3942,lenadunham
3943,pannalin
3944,joelpaulreisig
3945,andrewbujalski
3946,tribe
3947,eastindiatradingcompani
3948,martian
3949,lynncollin
3950,basedonfairytal
3951,brunodelbonnel
3952,stephaniemcmillan
3953,invulner
3954,dennisgassn
3955,cardgam
3956,compass
3957,texasrang
3958,leapintim
3959,georgiehenley
3960,lizmullan
3961,richardarmitag
3962,mediev
3963,tragiclov
3964,boobytrap
3965,tennesse
3966,malibu
3967,dormitori
3968,symbol
3969,philipsteu
3970,computerprogram
3971,larrythecableguy
3972,alieninfect
3973,annekuljian
3974,inanimateobjectscomingtolif
3975,toystori
3976,moonbloodgood
3977,johndbrancato
3978,speed
3979,nuclearweapon
3980,debrajam
3981,generoddenberri
3982,persia
3983,charlieday
3984,basedoncartoon
3985,mexicoc
3986,leatherjacket
3987,peru
3988,indianajon
3989,karenallen
3990,kyrstenm
3991,fredwillard
3992,hiroyukisanada
3993,jeffnathanson
3994,volcanicerupt
3995,scroog
3996,margotrobbi
3997,scarecrow
3998,districtattorney
3999,edasn
4000,wallacewolodarski
4001,jonathanaibel
4002,shauntoub
4003,asabutterfield
4004,steamlocomot
4005,drag
4006,alexkavanagh
4007,support
4008,cartoon
4009,move
4010,eleph
4011,talkingtoanim
4012,sharltocopley
4013,medicalresearch
4014,doughardwick
4015,samurai
4016,kevinishioka
4017,craigwood
4018,moraldilemma
4019,markhenley
4020,productplac
4021,gift
4022,northpol
4023,blacksmith
4024,night
4025,craigferguson
4026,dougdavison
4027,nickstahl
4028,farmhous
4029,rel
4030,sleep
4031,subconsci
4032,godzilla
4033,rickyun
4034,atlanticocean
4035,blackout
4036,jacindabarrett
4037,poseidon
4038,captur
4039,johnhwilliam
4040,jaicourtney
4041,quest
4042,alon
4043,pandem
4044,chocol
4045,factorywork
4046,leavingonesfamili
4047,loveandrom
4048,hunger
4049,madagascar
4050,zebra
4051,ericdarnel
4052,undergroundworld
4053,templ
4054,gnostic
4055,mountainclimb
4056,joshgad
4057,christophereccleston
4058,kevinfeig
4059,zeu
4060,janytemim
4061,javiernavarret
4062,bendavi
4063,chain
4064,gothic
4065,vienna
4066,flowershop
4067,jimcum
4068,panda
4069,suitcas
4070,blast
4071,return
4072,ancientegypt
4073,troubl
4074,fredcblaujr
4075,denmark
4076,ancientchina
4077,anilkapoor
4078,robber
4079,albertoiglesia
4080,badboss
4081,cliffrobertson
4082,sacrific
4083,brentonthwait
4084,jeffreydeanmorgan
4085,alexmcdowel
4086,andrewmenzi
4087,battleassign
4088,adrianbiddl
4089,jamesdarci
4090,laraymayfield
4091,revel
4092,darkpast
4093,langleyvirginia
4094,shop
4095,propaganda
4096,upris
4097,aldriclaauliport
4098,humansubjug
4099,justinchatwin
4100,deaagent
4101,jadensmith
4102,prehistoriccreatur
4103,michaelfottrel
4104,holygrail
4105,johncdonkin
4106,noomirapac
4107,ronnycox
4108,valoriemassala
4109,michaelcrichton
4110,climatechang
4111,hurrican
4112,dashmihok
4113,lethalviru
4114,rescueteam
4115,cargoship
4116,davidgropman
4117,stunt
4118,johnaugust
4119,jonathanlipnicki
4120,stevenpost
4121,leesmith
4122,aprilferri
4123,linusroach
4124,martinhunt
4125,matthewfox
4126,explodingbuild
4127,deathstar
4128,jedi
4129,roman
4130,adambeach
4131,sewer
4132,emmanuellubezki
4133,catastroph
4134,lindahamilton
4135,nightshift
4136,disasterfilm
4137,alexandradaddario
4138,archiepanjabi
4139,manipulationofthemedia
4140,terihatch
4141,joelyrichardson
4142,georgeclaytonjohnson
4143,assaultrifl
4144,dysfunctionalmarriag
4145,theojam
4146,uscongress
4147,blue
4148,basedonarticl
4149,journeyroundtheworld
4150,boredom
4151,bridgetmoynahan
4152,arthurmax
4153,gladiat
4154,oliverre
4155,flyingcar
4156,banker
4157,williambroylesjr
4158,prisonguard
4159,stockmarket
4160,shotintheshould
4161,mockeri
4162,tomhulc
4163,lossoffriend
4164,childrensbook
4165,laurenambros
4166,timothydalton
4167,specialunit
4168,danweil
4169,eugenegearti
4170,rose
4171,dinamey
4172,davidhirschfeld
4173,michaelwincott
4174,alancum
4175,malcolmcampbel
4176,dialogu
4177,irishamerican
4178,worldchampion
4179,housewif
4180,chrisnoth
4181,edwardjamesolmo
4182,johncarnochan
4183,fort
4184,buddhistmonk
4185,iainglen
4186,noahtaylor
4187,jimmorahan
4188,fairi
4189,sarahbolg
4190,sebastiankoch
4191,mexican
4192,lindafiorentino
4193,lawrenceahubb
4194,identitycrisi
4195,kevincorrigan
4196,dianascarwid
4197,magazin
4198,daydream
4199,johnforsyth
4200,luck
4201,computerhack
4202,trentreznor
4203,johnmahoney
4204,chipmunk
4205,adolfhitl
4206,colonel
4207,caricevanhouten
4208,lillykilvert
4209,mossad
4210,emmanuellechriqui
4211,markradcliff
4212,pinocchio
4213,fanat
4214,aliencontact
4215,kimdicken
4216,masterthief
4217,johnthoma
4218,northernireland
4219,barbarian
4220,netherland
4221,comeback
4222,desertedisland
4223,tropicalisland
4224,tapdanc
4225,peterkohn
4226,musket
4227,matthewmacfadyen
4228,enchant
4229,puppi
4230,timmcinnerni
4231,gregoryperl
4232,eliwallach
4233,nationalsecurityagencynsa
4234,childspointofview
4235,broadway
4236,lilycollin
4237,lindacardellini
4238,rowanatkinson
4239,andrewmason
4240,metropoli
4241,oliviathirlbi
4242,glennfreemantl
4243,fatherhood
4244,magaliguidasci
4245,dougjon
4246,embassi
4247,victimofmurd
4248,anthonyedward
4249,respons
4250,philipbakerhal
4251,junielowryjohnson
4252,henryczerni
4253,tboneburnett
4254,hangov
4255,darkhero
4256,entrap
4257,tomlewi
4258,tsunami
4259,red
4260,jennysl
4261,conspiracytheori
4262,biologicalweapon
4263,boatchas
4264,disord
4265,liamaiken
4266,fictitiousmarriag
4267,nickchinlund
4268,loner
4269,lilitaylor
4270,environment
4271,threat
4272,panzer
4273,christinetaylor
4274,wildlif
4275,chrisnewman
4276,orchestra
4277,johnfkennedi
4278,kimcoat
4279,simonbak
4280,emilybrown
4281,jessicaluca
4282,jorgeramrezsurez
4283,scar
4284,omarsharif
4285,robertdalva
4286,utopia
4287,textmessag
4288,louisck
4289,shanewest
4290,stuarttownsend
4291,kendaurio
4292,cincopaul
4293,extraterrestri
4294,sandiego
4295,alcatraz
4296,hostagesitu
4297,jonvitti
4298,racepolit
4299,izabellascorupco
4300,vault
4301,stewardess
4302,immigrationlaw
4303,johnnysimmon
4304,pakistan
4305,warinafghanistan
4306,ompuri
4307,michaeljwilson
4308,deceivedwif
4309,recordingcontract
4310,jenniferhudson
4311,russianmafia
4312,eamonnwalk
4313,tomselleck
4314,denunci
4315,berniepollack
4316,christamunro
4317,davidlsnyd
4318,diseas
4319,loutaylorpucci
4320,realiti
4321,paulattanasio
4322,ewenbremn
4323,garycol
4324,angusmacfadyen
4325,petrol
4326,frankdarabont
4327,robertseanleonard
4328,davidtfriendli
4329,rural
4330,villageandtown
4331,justmarri
4332,richardvan
4333,sallymenk
4334,franconero
4335,swat
4336,bobbalaban
4337,prais
4338,madeleinestow
4339,dannylern
4340,levarburton
4341,michaeldorn
4342,hermanfzimmerman
4343,sergeant
4344,heal
4345,jeremyirvin
4346,toddgraff
4347,sarahgadon
4348,islam
4349,buddhism
4350,mako
4351,imperson
4352,budapest
4353,richardgibb
4354,peterteschn
4355,juliannehough
4356,naveenandrew
4357,peterfarrelli
4358,scottadkin
4359,ashleygreen
4360,surveillancecamera
4361,jacksondegovia
4362,adoptivefath
4363,steal
4364,neilcanton
4365,spermbank
4366,sethmacfarlan
4367,falsehistori
4368,maxminghella
4369,bowl
4370,dianevenora
4371,intelligenceag
4372,artthief
4373,cowardic
4374,laurenholli
4375,prehistoricman
4376,davidkrumholtz
4377,parol
4378,stuartwilson
4379,lilytomlin
4380,ginnifergoodwin
4381,libingb
4382,carsetonfir
4383,taylorhackford
4384,dannyaiello
4385,dominatrix
4386,blizzard
4387,jamesbondspoof
4388,saraandrew
4389,idarandom
4390,bomber
4391,guru
4392,romanymalco
4393,wyom
4394,deminbichir
4395,peterlyonscollist
4396,christopherlennertz
4397,davidfrankel
4398,jailguard
4399,politicallyincorrect
4400,teddycastellucci
4401,jeffcarson
4402,barcelonaspain
4403,tinaturn
4404,videotap
4405,realityshow
4406,trainstat
4407,ant
4408,brettratn
4409,sniperrifl
4410,countrylif
4411,peterberg
4412,epidem
4413,eye
4414,park
4415,snoopdogg
4416,philhartman
4417,advanc
4418,jock
4419,strang
4420,kodismitmcphe
4421,allisonjon
4422,totalitarianregim
4423,jflawton
4424,colinstraus
4425,dankorintu
4426,marclawr
4427,nelsonmandela
4428,editorinchief
4429,blog
4430,wallaceshawn
4431,martindonovan
4432,feder
4433,joeviterelli
4434,susannahgr
4435,overdos
4436,reconcili
4437,patrickfugit
4438,robertgreenfield
4439,nobil
4440,joelcohen
4441,alecsokolow
4442,crucifixion
4443,cryogen
4444,alternatedimens
4445,kathleenquinlan
4446,miakirshn
4447,davidbrown
4448,warlock
4449,scottcaan
4450,affonsobeato
4451,angelobadalamenti
4452,realitytv
4453,stolenpaint
4454,stephenherek
4455,richardcrenna
4456,fighterpilot
4457,leightonmeest
4458,brandontrost
4459,juliechristi
4460,specialforc
4461,cobiesmuld
4462,blythedann
4463,irenebedard
4464,richardroundtre
4465,rogerbondelli
4466,handcuff
4467,spanner
4468,blowjob
4469,eddiekayethoma
4470,thomasiannichola
4471,yulvazquez
4472,document
4473,shoot
4474,jimmisimpson
4475,rosannanorton
4476,davidharbour
4477,haleybennett
4478,toddmthal
4479,churchservic
4480,badluck
4481,salesman
4482,haroldfaltermey
4483,robertaferretti
4484,richardchew
4485,terrorcel
4486,urin
4487,peterpau
4488,psychopathickil
4489,arrahman
4490,themuppet
4491,hervschneid
4492,jamesmason
4493,pianist
4494,pope
4495,taliashir
4496,garyfrutkoff
4497,bustarhym
4498,menac
4499,haroldbeck
4500,deal
4501,area
4502,flat
4503,argument
4504,lesleywalk
4505,valentin
4506,valentinesday
4507,redneck
4508,chanc
4509,inject
4510,fall
4511,jaimek
4512,basedonshortstori
4513,richardbartonlewi
4514,joelmchal
4515,traincrash
4516,highschoolreunion
4517,carolramsey
4518,jamescorden
4519,meet
4520,johnrjensen
4521,activist
4522,stephenfri
4523,indianterritori
4524,oliviermartinez
4525,antiterror
4526,heroism
4527,carlyschroed
4528,helenjarvi
4529,creatur
4530,ghosttown
4531,samuelhadida
4532,faizonlov
4533,frame
4534,beverlyhil
4535,phoebec
4536,clumsyfellow
4537,fashiondesign
4538,ericlbeason
4539,annevco
4540,georgelopez
4541,detroitmichigan
4542,paulagarc
4543,boydholbrook
4544,ashleyscott
4545,franoisebonnot
4546,williamfriedkin
4547,beachhous
4548,jacobvarga
4549,parapleg
4550,framedformurd
4551,karaok
4552,frankiefaison
4553,unwillinglypregn
4554,adamgarcia
4555,tombronson
4556,lossofsenseofr
4557,badmotherinlaw
4558,georgecarlin
4559,laurenceolivi
4560,brucesurte
4561,kylemaclachlan
4562,scarymovi
4563,whitneyhouston
4564,anthonylapaglia
4565,seanhay
4566,janefonda
4567,mexicanamerican
4568,onemanarmi
4569,robbrown
4570,custodybattl
4571,websterwhineri
4572,schoolperform
4573,golf
4574,donjohnson
4575,henryfonda
4576,bureaucraci
4577,kenanthompson
4578,waynewang
4579,riot
4580,richarddonn
4581,steveshewchuk
4582,protect
4583,promis
4584,kristyswanson
4585,simonwinc
4586,powersbooth
4587,lazalonso
4588,williamkong
4589,antoniopinto
4590,lawrencekasanoff
4591,corruptcop
4592,jebstuart
4593,pub
4594,juveniledelinqu
4595,carniv
4596,williamreynold
4597,derekjacobi
4598,bobkensing
4599,cohabit
4600,barrywblaustein
4601,husband
4602,urbanlegend
4603,telephonecal
4604,anthonyhin
4605,robertdavi
4606,hood
4607,shilohfernandez
4608,videocamera
4609,nypd
4610,tonyleungchiuwai
4611,trailerpark
4612,jameldebbouz
4613,rashidajon
4614,ralphmacchio
4615,normandcorbeil
4616,lightn
4617,bdsm
4618,loripetti
4619,georgebow
4620,paranormalinvestig
4621,jimabraham
4622,scottfoley
4623,thomasfwilson
4624,wojciechkilar
4625,chrismessina
4626,reject
4627,larrybrezn
4628,stephenaltman
4629,nancyklopp
4630,heldcapt
4631,devonaoki
4632,fakeident
4633,johndeborman
4634,privateinvestig
4635,sextap
4636,coryedward
4637,humansacrific
4638,notebook
4639,genarowland
4640,cure
4641,frankwhaley
4642,finaldestin
4643,oliverstapleton
4644,fredmurphi
4645,stephendaldri
4646,jonathanttaplin
4647,glennplumm
4648,kathrynerb
4649,pornographicvideo
4650,roalddahl
4651,twinsist
4652,musicvideo
4653,mickjagg
4654,udoki
4655,sharonl
4656,devonsawa
4657,geoffzanelli
4658,andrzejsekula
4659,warcorrespond
4660,chrisblunden
4661,hansanp
4662,ludivinesagni
4663,changchen
4664,lucasgrabeel
4665,kellylynch
4666,cri
4667,leedaniel
4668,johnsavag
4669,toddcramsay
4670,josephcnemeciii
4671,stevemin
4672,aunjanueelli
4673,moneylaund
4674,pregnantwif
4675,mikemedavoy
4676,alexandramarialara
4677,nicolearipark
4678,extort
4679,craigrobinson
4680,stevepink
4681,civilright
4682,tobyjon
4683,exercis
4684,cherylhin
4685,lynnwhitfield
4686,fathermurd
4687,harvardunivers
4688,natashahenstridg
4689,willgluck
4690,ericchristianolsen
4691,kathrynhimoff
4692,pizza
4693,team
4694,makeamatch
4695,brunokirbi
4696,poltergeist
4697,stephentrask
4698,webcam
4699,websit
4700,vilmoszsigmond
4701,georgefurla
4702,musicinstru
4703,vaniti
4704,juliebenz
4705,provenc
4706,physicalabus
4707,arctic
4708,anthonyquinn
4709,jeanpaulrappeneau
4710,joehisaishi
4711,richardsylbert
4712,billduk
4713,erikfeig
4714,jameshong
4715,billydeewilliam
4716,affair
4717,rustysmith
4718,stevenicolaid
4719,sexualhumor
4720,freez
4721,sadomasoch
4722,callumkeithrenni
4723,lorrainegari
4724,indiana
4725,citi
4726,euthanasia
4727,enriquechediak
4728,aimeegarcia
4729,elizabethpea
4730,scottbakula
4731,geraldineperoni
4732,jamespurefoy
4733,wager
4734,childhoodfriend
4735,con
4736,richardlegrandjr
4737,staceysh
4738,eccentr
4739,owenroizman
4740,johnbloom
4741,davidnweiss
4742,contractkil
4743,jeansmart
4744,michaelpar
4745,kathybak
4746,soniagrand
4747,illeanadougla
4748,georgekennedi
4749,brendablethyn
4750,carolinekaplan
4751,timmccanli
4752,matthewdavi
4753,robertoschaef
4754,yaphetkotto
4755,johnashton
4756,gameshow
4757,jacktcolli
4758,lauraballing
4759,totalitarian
4760,garyscottthompson
4761,insult
4762,hitchcockian
4763,stevenkemp
4764,stephaniegorin
4765,gamblingdebt
4766,montecarlo
4767,mikevogel
4768,anthonypowel
4769,paulschneid
4770,greed
4771,jameskeach
4772,robcowan
4773,pinodonaggio
4774,wrongfularrest
4775,monicapott
4776,financ
4777,financialcrisi
4778,montynorman
4779,andrewmondshein
4780,trickortr
4781,stevenhaft
4782,oneday
4783,prejudic
4784,briantufano
4785,crab
4786,lucastil
4787,zoekazan
4788,janeausten
4789,robinohara
4790,roquebao
4791,summervac
4792,ambertamblyn
4793,skinhead
4794,frederickelm
4795,georgiannewalken
4796,davidorussel
4797,johnswihart
4798,jewri
4799,geraldrmolen
4800,katiecassidi
4801,michaelhoffman
4802,nicholasspark
4803,holocaust
4804,jasonritt
4805,baileemadison
4806,alexandergruszynski
4807,peterotool
4808,billewoodruff
4809,danecook
4810,lauraramsey
4811,nicholasgonzalez
4812,martinbalsam
4813,josephcotten
4814,richardfleisch
4815,elmowilliam
4816,babysitt
4817,essenceatkin
4818,michaelkennethwilliam
4819,hillharp
4820,sharonseymour
4821,josefsomm
4822,danobannon
4823,richardbenjamin
4824,larrybock
4825,newzealand
4826,jackhawkin
4827,dogfight
4828,timstori
4829,georgegallo
4830,rosemcgowan
4831,grgorylevasseur
4832,eduardoserra
4833,davidhen
4834,takuyakimura
4835,survivalhorror
4836,fernandovelzquez
4837,cheatingwif
4838,donmichaelpaul
4839,rupertfriend
4840,felicityjon
4841,ibenhjejl
4842,pippacross
4843,johncandi
4844,ruthmorley
4845,johngielgud
4846,amsterdam
4847,harass
4848,devonbostick
4849,nancyallen
4850,lucybevan
4851,michaelrosenbaum
4852,playground
4853,mattston
4854,brianrobbin
4855,paulhal
4856,brawl
4857,jasonlondon
4858,domdeluis
4859,danielstern
4860,franoistruffaut
4861,terigarr
4862,pain
4863,chrispontiu
4864,mikewhit
4865,jimtaylor
4866,janetmct
4867,ronnieyeskel
4868,williamsadl
4869,ghostship
4870,maximilianschel
4871,ernestborgnin
4872,sweden
4873,adamdriv
4874,michaelgiacchino
4875,terrystacey
4876,janitor
4877,ashleytisdal
4878,leemarvin
4879,elect
4880,vulgar
4881,stevenstrait
4882,rancher
4883,shanafest
4884,tommankiewicz
4885,preacher
4886,socialsatir
4887,richardday
4888,billyray
4889,mansion
4890,efrenramirez
4891,charleshjoff
4892,lukegoss
4893,misanthrop
4894,edithhead
4895,documentaryfilmmak
4896,shirleyhenderson
4897,paulgross
4898,difficultchildhood
4899,patriarch
4900,esaimoral
4901,jeanmariepoir
4902,sperm
4903,albertberg
4904,streetwar
4905,robertaltman
4906,homesick
4907,sandraoh
4908,brucepayn
4909,teenangst
4910,broker
4911,transsexu
4912,jeffnichol
4913,advic
4914,stefanarndt
4915,strangeperson
4916,jpeterrobinson
4917,miniseri
4918,olivierassaya
4919,breakdanc
4920,potsmok
4921,franciskenni
4922,stephanieallain
4923,necronomicon
4924,matthewwmungl
4925,jackwarden
4926,djquall
4927,binocular
4928,janicehampton
4929,gretchenmol
4930,karlmalden
4931,linshay
4932,adamrifkin
4933,patricianorri
4934,gasparno
4935,simonabkarian
4936,georgesdeleru
4937,blairunderwood
4938,sherimoonzombi
4939,aliashawkat
4940,sararish
4941,petercattaneo
4942,jamesranson
4943,stefanruzowitzki
4944,eroticmovi
4945,jakibrown
4946,louisefletch
4947,nationalsoci
4948,artielang
4949,ezramil
4950,bradanderson
4951,doll
4952,jasonmil
4953,penalti
4954,erikachristensen
4955,billbellami
4956,takeshikitano
4957,christophersmith
4958,gregghoffman
4959,davidaarmstrong
4960,madelinekahn
4961,karenblack
4962,drughumor
4963,randalkleis
4964,gabrieleferzetti
4965,myronikerstein
4966,karanjohar
4967,akshaykumar
4968,jamesdemonaco
4969,robertllevi
4970,olpark
4971,enzocilenti
4972,marilynmonro
4973,sigdemiguel
4974,marysealberti
4975,patheali
4976,crimefamili
4977,market
4978,dannydy
4979,australianoutback
4980,familysecret
4981,vicsarin
4982,juliangilbey
4983,musicteach
4984,spencertraci
4985,stanleykram
4986,jaredhess
4987,meloniediaz
4988,coreyfeldman
4989,janecampion
4990,chriswyatt
4991,franoisozon
4992,ryanfleck
4993,oregon
4994,johncarney
4995,edwardtang
4996,punkband
4997,jackmartinsmith
4998,lionelbarrymor
4999,alanhowarth
